,Date,Close
0,2013-01-01,56148.0
1,2013-01-02,58502.0
2,2013-01-03,58212.0
3,2013-01-04,59715.0
4,2013-01-05,56538.0
5,2013-01-06,54840.0
6,2013-01-07,57808.0
7,2013-01-08,59887.0
8,2013-01-09,59830.0
9,2013-01-10,60698.0
10,2013-01-11,60765.0
11,2013-01-12,57240.0
12,2013-01-13,56278.0
13,2013-01-14,59101.0
14,2013-01-15,61395.0
15,2013-01-16,62375.0
16,2013-01-17,62011.0
17,2013-01-18,58969.0
18,2013-01-19,56066.0
19,2013-01-20,58174.0
20,2013-01-21,61896.0
21,2013-01-22,57784.0
22,2013-01-23,61927.0
23,2013-01-24,62838.0
24,2013-01-25,62786.0
25,2013-01-26,58213.0
26,2013-01-27,55348.0
27,2013-01-28,60417.0
28,2013-01-29,59159.0
29,2013-01-30,58434.0
30,2013-01-31,57505.0
31,2013-02-01,56997.0
32,2013-02-02,53209.0
33,2013-02-03,53922.0
34,2013-02-04,58838.0
35,2013-02-05,56513.0
36,2013-02-06,58737.0
37,2013-02-07,59953.0
38,2013-02-08,58765.0
39,2013-02-09,55716.0
40,2013-02-10,55128.0
41,2013-02-11,57953.0
42,2013-02-12,58080.0
43,2013-02-13,56927.0
44,2013-02-14,56670.0
45,2013-02-15,56005.0
46,2013-02-16,53557.0
47,2013-02-17,52362.0
48,2013-02-18,55354.0
49,2013-02-19,58409.0
50,2013-02-20,59395.0
51,2013-02-21,58414.0
52,2013-02-22,57539.0
53,2013-02-23,52837.0
54,2013-02-24,50826.0
55,2013-02-25,53661.0
56,2013-02-26,54191.0
57,2013-02-27,53050.0
58,2013-02-28,53446.0
59,2013-03-01,54123.0
60,2013-03-02,52822.0
61,2013-03-03,52933.0
62,2013-03-04,57331.0
63,2013-03-05,56845.0
64,2013-03-06,56226.0
65,2013-03-07,56181.0
66,2013-03-08,57444.0
67,2013-03-09,54443.0
68,2013-03-10,53156.0
69,2013-03-11,56730.0
70,2013-03-12,57088.0
71,2013-03-13,58504.0
72,2013-03-14,58523.0
73,2013-03-15,57557.0
74,2013-03-16,54838.0
75,2013-03-17,53172.0
76,2013-03-18,54913.0
77,2013-03-19,56276.0
78,2013-03-20,56177.0
79,2013-03-21,56008.0
80,2013-03-22,55636.0
81,2013-03-23,51976.0
82,2013-03-24,49289.0
83,2013-03-25,51250.0
84,2013-03-26,51914.0
85,2013-03-27,52906.0
86,2013-03-28,51444.0
87,2013-03-29,50639.0
88,2013-03-30,49521.0
89,2013-03-31,45991.0
90,2013-04-01,49773.0
91,2013-04-02,52152.0
92,2013-04-03,53391.0
93,2013-04-04,54211.0
94,2013-04-05,52731.0
95,2013-04-06,50294.0
96,2013-04-07,48751.0
97,2013-04-08,53530.0
98,2013-04-09,52876.0
99,2013-04-10,52406.0
100,2013-04-11,50754.0
101,2013-04-12,49283.0
102,2013-04-13,45866.0
103,2013-04-14,44554.0
104,2013-04-15,47686.0
105,2013-04-16,45513.0
106,2013-04-17,45126.0
107,2013-04-18,45102.0
108,2013-04-19,44828.0
109,2013-04-20,43559.0
110,2013-04-21,43327.0
111,2013-04-22,44618.0
112,2013-04-23,45362.0
113,2013-04-24,46751.0
114,2013-04-25,47485.0
115,2013-04-26,47624.0
116,2013-04-27,45545.0
117,2013-04-28,45985.0
118,2013-04-29,48677.0
119,2013-04-30,48782.0
120,2013-05-01,46940.0
121,2013-05-02,50539.0
122,2013-05-03,50443.0
123,2013-05-04,46539.0
124,2013-05-05,46254.0
125,2013-05-06,48705.0
126,2013-05-07,47082.0
127,2013-05-08,47710.0
128,2013-05-09,44830.0
129,2013-05-10,44550.0
130,2013-05-11,41509.0
131,2013-05-12,41015.0
132,2013-05-13,44566.0
133,2013-05-14,46376.0
134,2013-05-15,46383.0
135,2013-05-16,44865.0
136,2013-05-17,39975.0
137,2013-05-18,38911.0
138,2013-05-19,39112.0
139,2013-05-20,38796.0
140,2013-05-21,41700.0
141,2013-05-22,40171.0
142,2013-05-23,40142.0
143,2013-05-24,39251.0
144,2013-05-25,37751.0
145,2013-05-26,36771.0
146,2013-05-27,40973.0
147,2013-05-28,40009.0
148,2013-05-29,38350.0
149,2013-05-30,34532.0
150,2013-05-31,32986.0
151,2013-06-01,30806.0
152,2013-06-02,30122.0
153,2013-06-03,35216.0
154,2013-06-04,37368.0
155,2013-06-05,35815.0
156,2013-06-06,35454.0
157,2013-06-07,34612.0
158,2013-06-08,33405.0
159,2013-06-09,35111.0
160,2013-06-10,40813.0
161,2013-06-11,41620.0
162,2013-06-12,41327.0
163,2013-06-13,40655.0
164,2013-06-14,39332.0
165,2013-06-15,37943.0
166,2013-06-16,37793.0
167,2013-06-17,40793.0
168,2013-06-18,39558.0
169,2013-06-19,39010.0
170,2013-06-20,37229.0
171,2013-06-21,36637.0
172,2013-06-22,33972.0
173,2013-06-23,34214.0
174,2013-06-24,38653.0
175,2013-06-25,38117.0
176,2013-06-26,38360.0
177,2013-06-27,37990.0
178,2013-06-28,36991.0
179,2013-06-29,34642.0
180,2013-06-30,34667.0
181,2013-07-01,38069.0
182,2013-07-02,37748.0
183,2013-07-03,37217.0
184,2013-07-04,38604.0
185,2013-07-05,37400.0
186,2013-07-06,35850.0
187,2013-07-07,35259.0
188,2013-07-08,38542.0
189,2013-07-09,38489.0
190,2013-07-10,38044.0
191,2013-07-11,38645.0
192,2013-07-12,38070.0
193,2013-07-13,36490.0
194,2013-07-14,36438.0
195,2013-07-15,37970.0
196,2013-07-16,38611.0
197,2013-07-17,38611.0
198,2013-07-18,38402.0
199,2013-07-19,38344.0
200,2013-07-20,38061.0
201,2013-07-21,37802.0
202,2013-07-22,39354.0
203,2013-07-23,38868.0
204,2013-07-24,37398.0
205,2013-07-25,36779.0
206,2013-07-26,37408.0
207,2013-07-27,35859.0
208,2013-07-28,34398.0
209,2013-07-29,37071.0
210,2013-07-30,37691.0
211,2013-07-31,36449.0
212,2013-08-01,38149.0
213,2013-08-02,37673.0
214,2013-08-03,35944.0
215,2013-08-04,35383.0
216,2013-08-05,39055.0
217,2013-08-06,39030.0
218,2013-08-07,39282.0
219,2013-08-08,40597.0
220,2013-08-09,39783.0
221,2013-08-10,38341.0
222,2013-08-11,37646.0
223,2013-08-12,40878.0
224,2013-08-13,41392.0
225,2013-08-14,40925.0
226,2013-08-15,41260.0
227,2013-08-16,39825.0
228,2013-08-17,37131.0
229,2013-08-18,37148.0
230,2013-08-19,40040.0
231,2013-08-20,40927.0
232,2013-08-21,42518.0
233,2013-08-22,42290.0
234,2013-08-23,41413.0
235,2013-08-24,39464.0
236,2013-08-25,38457.0
237,2013-08-26,41767.0
238,2013-08-27,41797.0
239,2013-08-28,42116.0
240,2013-08-29,43061.0
241,2013-08-30,42904.0
242,2013-08-31,40083.0
243,2013-09-01,39651.0
244,2013-09-02,41433.0
245,2013-09-03,42453.0
246,2013-09-04,42642.0
247,2013-09-05,42530.0
248,2013-09-06,40680.0
249,2013-09-07,40131.0
250,2013-09-08,40070.0
251,2013-09-09,43023.0
252,2013-09-10,42742.0
253,2013-09-11,44530.0
254,2013-09-12,44197.0
255,2013-09-13,43727.0
256,2013-09-14,41760.0
257,2013-09-15,41474.0
258,2013-09-16,42758.0
259,2013-09-17,43767.0
260,2013-09-18,42872.0
261,2013-09-19,42333.0
262,2013-09-20,41984.0
263,2013-09-21,40193.0
264,2013-09-22,40972.0
265,2013-09-23,45172.0
266,2013-09-24,46260.0
267,2013-09-25,47096.0
268,2013-09-26,47157.0
269,2013-09-27,47174.0
270,2013-09-28,44133.0
271,2013-09-29,44530.0
272,2013-09-30,47928.0
273,2013-10-01,47273.0
274,2013-10-02,47007.0
275,2013-10-03,46522.0
276,2013-10-04,46271.0
277,2013-10-05,43261.0
278,2013-10-06,43606.0
279,2013-10-07,46834.0
280,2013-10-08,47157.0
281,2013-10-09,48464.0
282,2013-10-10,48142.0
283,2013-10-11,47720.0
284,2013-10-12,45745.0
285,2013-10-13,45750.0
286,2013-10-14,48540.0
287,2013-10-15,50781.0
288,2013-10-16,51613.0
289,2013-10-17,53614.0
290,2013-10-18,54449.0
291,2013-10-19,52832.0
292,2013-10-20,52883.0
293,2013-10-21,56484.0
294,2013-10-22,55582.0
295,2013-10-23,55086.0
296,2013-10-24,52575.0
297,2013-10-25,53214.0
298,2013-10-26,50527.0
299,2013-10-27,45905.0
300,2013-10-28,52009.0
301,2013-10-29,50539.0
302,2013-10-30,51733.0
303,2013-10-31,52210.0
304,2013-11-01,52907.0
305,2013-11-02,52114.0
306,2013-11-03,50790.0
307,2013-11-04,54077.0
308,2013-11-05,56213.0
309,2013-11-06,57579.0
310,2013-11-07,58286.0
311,2013-11-08,57762.0
312,2013-11-09,54776.0
313,2013-11-10,54340.0
314,2013-11-11,59117.0
315,2013-11-12,58343.0
316,2013-11-13,56831.0
317,2013-11-14,58042.0
318,2013-11-15,57329.0
319,2013-11-16,54134.0
320,2013-11-17,54619.0
321,2013-11-18,57293.0
322,2013-11-19,58274.0
323,2013-11-20,59449.0
324,2013-11-21,60689.0
325,2013-11-22,59472.0
326,2013-11-23,56347.0
327,2013-11-24,56196.0
328,2013-11-25,60621.0
329,2013-11-26,59218.0
330,2013-11-27,58413.0
331,2013-11-28,58717.0
332,2013-11-29,58800.0
333,2013-11-30,58359.0
334,2013-12-01,58738.0
335,2013-12-02,61438.0
336,2013-12-03,60398.0
337,2013-12-04,61578.0
338,2013-12-05,62156.0
339,2013-12-06,63207.0
340,2013-12-07,62434.0
341,2013-12-08,61695.0
342,2013-12-09,66769.0
343,2013-12-10,63138.0
344,2013-12-11,58674.0
345,2013-12-12,58511.0
346,2013-12-13,60175.0
347,2013-12-14,59075.0
348,2013-12-15,57918.0
349,2013-12-16,58553.0
350,2013-12-17,58301.0
351,2013-12-18,58494.0
352,2013-12-19,60459.0
353,2013-12-20,59444.0
354,2013-12-21,55028.0
355,2013-12-22,55791.0
356,2013-12-23,57673.0
357,2013-12-24,55756.0
358,2013-12-25,53358.0
359,2013-12-26,53240.0
360,2013-12-27,53289.0
361,2013-12-28,54196.0
362,2013-12-29,53392.0
363,2013-12-30,56427.0
364,2013-12-31,56106.0
365,2014-01-01,54973.0
366,2014-01-02,58572.0
367,2014-01-03,56813.0
368,2014-01-04,54931.0
369,2014-01-05,55504.0
370,2014-01-06,56588.0
371,2014-01-07,57076.0
372,2014-01-08,59377.0
373,2014-01-09,61694.0
374,2014-01-10,65488.0
375,2014-01-11,62865.0
376,2014-01-12,64228.0
377,2014-01-13,68051.0
378,2014-01-14,68333.0
379,2014-01-15,67303.0
380,2014-01-16,67201.0
381,2014-01-17,68051.0
382,2014-01-18,65560.0
383,2014-01-19,64209.0
384,2014-01-20,68833.0
385,2014-01-21,67983.0
386,2014-01-22,68107.0
387,2014-01-23,68139.0
388,2014-01-24,66065.0
389,2014-01-25,62210.0
390,2014-01-26,61755.0
391,2014-01-27,67354.0
392,2014-01-28,66212.0
393,2014-01-29,64748.0
394,2014-01-30,65053.0
395,2014-01-31,65054.0
396,2014-02-01,62458.0
397,2014-02-02,58786.0
398,2014-02-03,62311.0
399,2014-02-04,60045.0
400,2014-02-05,61074.0
401,2014-02-06,62426.0
402,2014-02-07,60950.0
403,2014-02-08,56945.0
404,2014-02-09,54784.0
405,2014-02-10,57621.0
406,2014-02-11,57673.0
407,2014-02-12,58992.0
408,2014-02-13,59680.0
409,2014-02-14,58453.0
410,2014-02-15,55592.0
411,2014-02-16,55430.0
412,2014-02-17,58550.0
413,2014-02-18,59856.0
414,2014-02-19,60539.0
415,2014-02-20,61636.0
416,2014-02-21,62545.0
417,2014-02-22,56992.0
418,2014-02-23,54939.0
419,2014-02-24,56436.0
420,2014-02-25,55670.0
421,2014-02-26,55919.0
422,2014-02-27,56738.0
423,2014-02-28,56267.0
424,2014-03-01,54472.0
425,2014-03-02,54125.0
426,2014-03-03,57940.0
427,2014-03-04,58363.0
428,2014-03-05,58328.0
429,2014-03-06,56777.0
430,2014-03-07,55681.0
431,2014-03-08,54520.0
432,2014-03-09,53503.0
433,2014-03-10,56379.0
434,2014-03-11,56383.0
435,2014-03-12,56140.0
436,2014-03-13,55608.0
437,2014-03-14,55706.0
438,2014-03-15,54314.0
439,2014-03-16,55491.0
440,2014-03-17,60910.0
441,2014-03-18,62824.0
442,2014-03-19,62529.0
443,2014-03-20,63037.0
444,2014-03-21,60598.0
445,2014-03-22,55892.0
446,2014-03-23,53897.0
447,2014-03-24,56325.0
448,2014-03-25,55861.0
449,2014-03-26,55066.0
450,2014-03-27,54337.0
451,2014-03-28,53074.0
452,2014-03-29,51496.0
453,2014-03-30,50023.0
454,2014-03-31,55170.0
455,2014-04-01,55235.0
456,2014-04-02,56263.0
457,2014-04-03,56472.0
458,2014-04-04,56050.0
459,2014-04-05,53096.0
460,2014-04-06,52050.0
461,2014-04-07,55337.0
462,2014-04-08,54779.0
463,2014-04-09,55137.0
464,2014-04-10,52994.0
465,2014-04-11,52554.0
466,2014-04-12,50145.0
467,2014-04-13,48838.0
468,2014-04-14,51831.0
469,2014-04-15,53257.0
470,2014-04-16,51786.0
471,2014-04-17,49046.0
472,2014-04-18,49335.0
473,2014-04-19,48568.0
474,2014-04-20,47143.0
475,2014-04-21,48690.0
476,2014-04-22,53633.0
477,2014-04-23,53367.0
478,2014-04-24,53236.0
479,2014-04-25,51818.0
480,2014-04-26,48653.0
481,2014-04-27,48371.0
482,2014-04-28,52676.0
483,2014-04-29,52108.0
484,2014-04-30,53182.0
485,2014-05-01,49534.0
486,2014-05-02,50607.0
487,2014-05-03,45753.0
488,2014-05-04,44522.0
489,2014-05-05,47385.0
490,2014-05-06,44796.0
491,2014-05-07,45180.0
492,2014-05-08,44892.0
493,2014-05-09,43880.0
494,2014-05-10,40016.0
495,2014-05-11,40392.0
496,2014-05-12,45466.0
497,2014-05-13,46186.0
498,2014-05-14,47604.0
499,2014-05-15,47069.0
500,2014-05-16,44485.0
501,2014-05-17,39516.0
502,2014-05-18,40127.0
503,2014-05-19,40395.0
504,2014-05-20,40301.0
505,2014-05-21,41503.0
506,2014-05-22,42880.0
507,2014-05-23,41359.0
508,2014-05-24,38818.0
509,2014-05-25,38744.0
510,2014-05-26,42980.0
511,2014-05-27,40631.0
512,2014-05-28,39466.0
513,2014-05-29,37109.0
514,2014-05-30,37269.0
515,2014-05-31,37684.0
516,2014-06-01,37670.0
517,2014-06-02,39038.0
518,2014-06-03,36761.0
519,2014-06-04,35477.0
520,2014-06-05,35803.0
521,2014-06-06,36060.0
522,2014-06-07,35395.0
523,2014-06-08,34896.0
524,2014-06-09,37051.0
525,2014-06-10,42047.0
526,2014-06-11,42061.0
527,2014-06-12,43050.0
528,2014-06-13,43182.0
529,2014-06-14,41272.0
530,2014-06-15,42017.0
531,2014-06-16,46130.0
532,2014-06-17,47130.0
533,2014-06-18,45909.0
534,2014-06-19,46822.0
535,2014-06-20,46080.0
536,2014-06-21,43886.0
537,2014-06-22,43343.0
538,2014-06-23,46047.0
539,2014-06-24,43603.0
540,2014-06-25,45237.0
541,2014-06-26,45009.0
542,2014-06-27,43737.0
543,2014-06-28,40806.0
544,2014-06-29,39635.0
545,2014-06-30,43429.0
546,2014-07-01,42840.0
547,2014-07-02,42985.0
548,2014-07-03,42684.0
549,2014-07-04,41791.0
550,2014-07-05,38802.0
551,2014-07-06,37031.0
552,2014-07-07,38657.0
553,2014-07-08,37388.0
554,2014-07-09,37446.0
555,2014-07-10,37215.0
556,2014-07-11,37661.0
557,2014-07-12,37499.0
558,2014-07-13,36480.0
559,2014-07-14,38417.0
560,2014-07-15,37974.0
561,2014-07-16,38860.0
562,2014-07-17,39386.0
563,2014-07-18,39126.0
564,2014-07-19,37305.0
565,2014-07-20,36286.0
566,2014-07-21,37329.0
567,2014-07-22,37608.0
568,2014-07-23,37821.0
569,2014-07-24,38672.0
570,2014-07-25,38898.0
571,2014-07-26,37956.0
572,2014-07-27,37096.0
573,2014-07-28,40915.0
574,2014-07-29,41121.0
575,2014-07-30,41126.0
576,2014-07-31,39807.0
577,2014-08-01,38996.0
578,2014-08-02,36789.0
579,2014-08-03,36309.0
580,2014-08-04,40008.0
581,2014-08-05,39406.0
582,2014-08-06,40616.0
583,2014-08-07,40402.0
584,2014-08-08,39575.0
585,2014-08-09,38395.0
586,2014-08-10,37988.0
587,2014-08-11,41141.0
588,2014-08-12,41118.0
589,2014-08-13,41649.0
590,2014-08-14,42392.0
591,2014-08-15,42221.0
592,2014-08-16,41069.0
593,2014-08-17,41056.0
594,2014-08-18,43993.0
595,2014-08-19,43144.0
596,2014-08-20,43005.0
597,2014-08-21,43961.0
598,2014-08-22,44123.0
599,2014-08-23,41859.0
600,2014-08-24,41465.0
601,2014-08-25,44674.0
602,2014-08-26,44009.0
603,2014-08-27,44602.0
604,2014-08-28,45010.0
605,2014-08-29,44173.0
606,2014-08-30,41089.0
607,2014-08-31,41056.0
608,2014-09-01,45107.0
609,2014-09-02,44597.0
610,2014-09-03,44279.0
611,2014-09-04,43575.0
612,2014-09-05,43734.0
613,2014-09-06,42191.0
614,2014-09-07,42227.0
615,2014-09-08,44828.0
616,2014-09-09,45327.0
617,2014-09-10,44540.0
618,2014-09-11,44581.0
619,2014-09-12,44512.0
620,2014-09-13,42576.0
621,2014-09-14,43088.0
622,2014-09-15,46158.0
623,2014-09-16,46446.0
624,2014-09-17,47564.0
625,2014-09-18,46882.0
626,2014-09-19,46611.0
627,2014-09-20,44874.0
628,2014-09-21,44779.0
629,2014-09-22,49838.0
630,2014-09-23,49959.0
631,2014-09-24,50690.0
632,2014-09-25,51443.0
633,2014-09-26,48585.0
634,2014-09-27,46082.0
635,2014-09-28,44992.0
636,2014-09-29,48695.0
637,2014-09-30,48649.0
638,2014-10-01,49157.0
639,2014-10-02,47966.0
640,2014-10-03,47652.0
641,2014-10-04,46175.0
642,2014-10-05,44387.0
643,2014-10-06,47248.0
644,2014-10-07,48694.0
645,2014-10-08,50842.0
646,2014-10-09,51767.0
647,2014-10-10,52253.0
648,2014-10-11,50724.0
649,2014-10-12,50678.0
650,2014-10-13,54317.0
651,2014-10-14,53446.0
652,2014-10-15,53633.0
653,2014-10-16,54756.0
654,2014-10-17,53892.0
655,2014-10-18,51526.0
656,2014-10-19,50935.0
657,2014-10-20,55423.0
658,2014-10-21,55841.0
659,2014-10-22,57350.0
660,2014-10-23,57499.0
661,2014-10-24,54499.0
662,2014-10-25,49284.0
663,2014-10-26,50266.0
664,2014-10-27,51591.0
665,2014-10-28,52037.0
666,2014-10-29,51547.0
667,2014-10-30,52689.0
668,2014-10-31,54650.0
669,2014-11-01,52693.0
670,2014-11-02,50765.0
671,2014-11-03,52878.0
672,2014-11-04,56475.0
673,2014-11-05,59830.0
674,2014-11-06,59118.0
675,2014-11-07,60148.0
676,2014-11-08,54993.0
677,2014-11-09,53712.0
678,2014-11-10,57582.0
679,2014-11-11,57502.0
680,2014-11-12,60540.0
681,2014-11-13,61749.0
682,2014-11-14,60746.0
683,2014-11-15,57170.0
684,2014-11-16,56340.0
685,2014-11-17,59688.0
686,2014-11-18,58563.0
687,2014-11-19,57976.0
688,2014-11-20,58395.0
689,2014-11-21,57205.0
690,2014-11-22,54419.0
691,2014-11-23,55331.0
692,2014-11-24,59297.0
693,2014-11-25,58675.0
694,2014-11-26,54154.0
695,2014-11-27,56312.0
696,2014-11-28,56900.0
697,2014-11-29,55396.0
698,2014-11-30,56104.0
699,2014-12-01,62208.0
700,2014-12-02,60529.0
701,2014-12-03,59184.0
702,2014-12-04,58262.0
703,2014-12-05,56477.0
704,2014-12-06,55134.0
705,2014-12-07,55583.0
706,2014-12-08,57347.0
707,2014-12-09,58849.0
708,2014-12-10,58274.0
709,2014-12-11,58738.0
710,2014-12-12,59854.0
711,2014-12-13,58216.0
712,2014-12-14,57962.0
713,2014-12-15,61252.0
714,2014-12-16,61823.0
715,2014-12-17,61845.0
716,2014-12-18,63640.0
717,2014-12-19,62230.0
718,2014-12-20,59666.0
719,2014-12-21,59769.0
720,2014-12-22,64522.0
721,2014-12-23,64455.0
722,2014-12-24,63332.0
723,2014-12-25,60432.0
724,2014-12-26,61130.0
725,2014-12-27,61265.0
726,2014-12-28,61893.0
727,2014-12-29,62193.0
728,2014-12-30,57772.0
729,2014-12-31,54699.0
730,2015-01-01,52017.0
731,2015-01-02,54053.0
732,2015-01-03,55420.0
733,2015-01-04,56531.0
734,2015-01-05,63866.0
735,2015-01-06,63971.0
736,2015-01-07,61546.0
737,2015-01-08,59359.0
738,2015-01-09,58952.0
739,2015-01-10,60099.0
740,2015-01-11,60703.0
741,2015-01-12,67141.0
742,2015-01-13,67676.0
743,2015-01-14,64159.0
744,2015-01-15,64202.0
745,2015-01-16,62626.0
746,2015-01-17,59318.0
747,2015-01-18,59824.0
748,2015-01-19,66878.0
749,2015-01-20,68164.0
750,2015-01-21,68633.0
751,2015-01-22,68884.0
752,2015-01-23,68305.0
753,2015-01-24,62983.0
754,2015-01-25,59791.0
755,2015-01-26,60375.0
756,2015-01-27,57777.0
757,2015-01-28,57253.0
758,2015-01-29,60384.0
759,2015-01-30,62523.0
760,2015-01-31,60502.0
761,2015-02-01,60430.0
762,2015-02-02,65721.0
763,2015-02-03,67714.0
764,2015-02-04,68343.0
765,2015-02-05,64969.0
766,2015-02-06,60271.0
767,2015-02-07,56219.0
768,2015-02-08,58430.0
769,2015-02-09,60466.0
770,2015-02-10,59121.0
771,2015-02-11,58988.0
772,2015-02-12,61907.0
773,2015-02-13,62705.0
774,2015-02-14,61088.0
775,2015-02-15,59052.0
776,2015-02-16,61282.0
777,2015-02-17,60440.0
778,2015-02-18,54968.0
779,2015-02-19,58003.0
780,2015-02-20,57094.0
781,2015-02-21,55151.0
782,2015-02-22,55962.0
783,2015-02-23,60508.0
784,2015-02-24,59743.0
785,2015-02-25,59288.0
786,2015-02-26,58202.0
787,2015-02-27,58147.0
788,2015-02-28,53870.0
789,2015-03-01,51908.0
790,2015-03-02,55314.0
791,2015-03-03,56191.0
792,2015-03-04,57420.0
793,2015-03-05,57581.0
794,2015-03-06,55155.0
795,2015-03-07,50628.0
796,2015-03-08,49524.0
797,2015-03-09,56505.0
798,2015-03-10,56830.0
799,2015-03-11,56031.0
800,2015-03-12,56768.0
801,2015-03-13,53028.0
802,2015-03-14,50964.0
803,2015-03-15,50989.0
804,2015-03-16,53568.0
805,2015-03-17,52456.0
806,2015-03-18,55076.0
807,2015-03-19,56785.0
808,2015-03-20,59526.0
809,2015-03-21,57182.0
810,2015-03-22,55930.0
811,2015-03-23,58539.0
812,2015-03-24,58503.0
813,2015-03-25,56460.0
814,2015-03-26,58065.0
815,2015-03-27,57980.0
816,2015-03-28,51882.0
817,2015-03-29,49038.0
818,2015-03-30,54612.0
819,2015-03-31,55962.0
820,2015-04-01,53927.0
821,2015-04-02,51810.0
822,2015-04-03,51788.0
823,2015-04-04,50792.0
824,2015-04-05,50133.0
825,2015-04-06,50799.0
826,2015-04-07,53130.0
827,2015-04-08,55616.0
828,2015-04-09,55501.0
829,2015-04-10,54199.0
830,2015-04-11,51492.0
831,2015-04-12,51320.0
832,2015-04-13,54828.0
833,2015-04-14,53729.0
834,2015-04-15,52478.0
835,2015-04-16,52542.0
836,2015-04-17,52310.0
837,2015-04-18,49460.0
838,2015-04-19,49403.0
839,2015-04-20,52270.0
840,2015-04-21,51700.0
841,2015-04-22,52859.0
842,2015-04-23,52538.0
843,2015-04-24,52365.0
844,2015-04-25,50137.0
845,2015-04-26,50362.0
846,2015-04-27,53764.0
847,2015-04-28,54451.0
848,2015-04-29,53883.0
849,2015-04-30,52721.0
850,2015-05-01,48992.0
851,2015-05-02,48493.0
852,2015-05-03,48880.0
853,2015-05-04,50122.0
854,2015-05-05,48780.0
855,2015-05-06,46771.0
856,2015-05-07,47544.0
857,2015-05-08,46354.0
858,2015-05-09,45045.0
859,2015-05-10,45623.0
860,2015-05-11,49484.0
861,2015-05-12,48957.0
862,2015-05-13,47883.0
863,2015-05-14,47701.0
864,2015-05-15,50445.0
865,2015-05-16,47651.0
866,2015-05-17,45699.0
867,2015-05-18,48985.0
868,2015-05-19,48128.0
869,2015-05-20,47861.0
870,2015-05-21,47676.0
871,2015-05-22,46677.0
872,2015-05-23,44545.0
873,2015-05-24,44895.0
874,2015-05-25,45998.0
875,2015-05-26,47950.0
876,2015-05-27,45788.0
877,2015-05-28,46039.0
878,2015-05-29,45049.0
879,2015-05-30,41329.0
880,2015-05-31,41108.0
881,2015-06-01,44412.0
882,2015-06-02,45104.0
883,2015-06-03,45161.0
884,2015-06-04,47706.0
885,2015-06-05,48116.0
886,2015-06-06,44470.0
887,2015-06-07,42974.0
888,2015-06-08,47623.0
889,2015-06-09,47727.0
890,2015-06-10,46999.0
891,2015-06-11,47152.0
892,2015-06-12,46144.0
893,2015-06-13,44249.0
894,2015-06-14,43872.0
895,2015-06-15,46834.0
896,2015-06-16,46780.0
897,2015-06-17,47815.0
898,2015-06-18,46453.0
899,2015-06-19,44657.0
900,2015-06-20,41913.0
901,2015-06-21,41669.0
902,2015-06-22,44409.0
903,2015-06-23,43762.0
904,2015-06-24,44428.0
905,2015-06-25,44400.0
906,2015-06-26,45786.0
907,2015-06-27,42958.0
908,2015-06-28,42394.0
909,2015-06-29,45660.0
910,2015-06-30,46001.0
911,2015-07-01,43359.0
912,2015-07-02,44017.0
913,2015-07-03,43421.0
914,2015-07-04,41737.0
915,2015-07-05,41863.0
916,2015-07-06,43138.0
917,2015-07-07,44536.0
918,2015-07-08,44433.0
919,2015-07-09,42209.0
920,2015-07-10,41567.0
921,2015-07-11,41499.0
922,2015-07-12,39656.0
923,2015-07-13,40574.0
924,2015-07-14,41291.0
925,2015-07-15,41318.0
926,2015-07-16,42020.0
927,2015-07-17,41692.0
928,2015-07-18,39168.0
929,2015-07-19,39188.0
930,2015-07-20,40555.0
931,2015-07-21,41925.0
932,2015-07-22,40748.0
933,2015-07-23,40576.0
934,2015-07-24,40824.0
935,2015-07-25,40352.0
936,2015-07-26,38762.0
937,2015-07-27,38902.0
938,2015-07-28,39297.0
939,2015-07-29,39500.0
940,2015-07-30,39712.0
941,2015-07-31,40041.0
942,2015-08-01,40675.0
943,2015-08-02,40978.0
944,2015-08-03,44838.0
945,2015-08-04,44562.0
946,2015-08-05,43483.0
947,2015-08-06,44456.0
948,2015-08-07,42932.0
949,2015-08-08,41156.0
950,2015-08-09,41657.0
951,2015-08-10,44455.0
952,2015-08-11,42683.0
953,2015-08-12,42312.0
954,2015-08-13,44971.0
955,2015-08-14,43825.0
956,2015-08-15,41679.0
957,2015-08-16,40158.0
958,2015-08-17,43198.0
959,2015-08-18,43757.0
960,2015-08-19,42992.0
961,2015-08-20,41483.0
962,2015-08-21,42520.0
963,2015-08-22,39525.0
964,2015-08-23,38976.0
965,2015-08-24,42714.0
966,2015-08-25,42990.0
967,2015-08-26,43027.0
968,2015-08-27,42490.0
969,2015-08-28,41130.0
970,2015-08-29,40339.0
971,2015-08-30,41266.0
972,2015-08-31,44688.0
973,2015-09-01,45283.0
974,2015-09-02,45575.0
975,2015-09-03,45617.0
976,2015-09-04,45005.0
977,2015-09-05,42490.0
978,2015-09-06,42731.0
979,2015-09-07,47102.0
980,2015-09-08,47303.0
981,2015-09-09,46849.0
982,2015-09-10,46324.0
983,2015-09-11,44920.0
984,2015-09-12,41669.0
985,2015-09-13,41792.0
986,2015-09-14,44471.0
987,2015-09-15,44443.0
988,2015-09-16,43091.0
989,2015-09-17,43302.0
990,2015-09-18,42638.0
991,2015-09-19,41695.0
992,2015-09-20,42018.0
993,2015-09-21,45690.0
994,2015-09-22,45122.0
995,2015-09-23,45461.0
996,2015-09-24,46098.0
997,2015-09-25,44747.0
998,2015-09-26,42728.0
999,2015-09-27,43669.0
1000,2015-09-28,47611.0
1001,2015-09-29,47006.0
1002,2015-09-30,48078.0
1003,2015-10-01,47121.0
1004,2015-10-02,46946.0
1005,2015-10-03,46724.0
1006,2015-10-04,46856.0
1007,2015-10-05,51777.0
1008,2015-10-06,50849.0
1009,2015-10-07,51181.0
1010,2015-10-08,51148.0
1011,2015-10-09,50914.0
1012,2015-10-10,49925.0
1013,2015-10-11,46923.0
1014,2015-10-12,48744.0
1015,2015-10-13,50390.0
1016,2015-10-14,49407.0
1017,2015-10-15,48911.0
1018,2015-10-16,50396.0
1019,2015-10-17,48079.0
1020,2015-10-18,46692.0
1021,2015-10-19,49746.0
1022,2015-10-20,50770.0
1023,2015-10-21,51057.0
1024,2015-10-22,50288.0
1025,2015-10-23,50056.0
1026,2015-10-24,47719.0
1027,2015-10-25,49212.0
1028,2015-10-26,53126.0
1029,2015-10-27,56050.0
1030,2015-10-28,56121.0
1031,2015-10-29,55352.0
1032,2015-10-30,55612.0
1033,2015-10-31,52157.0
1034,2015-11-01,48913.0
1035,2015-11-02,51012.0
1036,2015-11-03,52556.0
1037,2015-11-04,51984.0
1038,2015-11-05,53417.0
1039,2015-11-06,55398.0
1040,2015-11-07,51884.0
1041,2015-11-08,51437.0
1042,2015-11-09,53395.0
1043,2015-11-10,53715.0
1044,2015-11-11,54387.0
1045,2015-11-12,56002.0
1046,2015-11-13,53591.0
1047,2015-11-14,48865.0
1048,2015-11-15,49905.0
1049,2015-11-16,54252.0
1050,2015-11-17,56764.0
1051,2015-11-18,56417.0
1052,2015-11-19,57974.0
1053,2015-11-20,59645.0
1054,2015-11-21,58709.0
1055,2015-11-22,59516.0
1056,2015-11-23,61691.0
1057,2015-11-24,60096.0
1058,2015-11-25,59896.0
1059,2015-11-26,59569.0
1060,2015-11-27,57814.0
1061,2015-11-28,56010.0
1062,2015-11-29,55955.0
1063,2015-11-30,59179.0
1064,2015-12-01,58808.0
1065,2015-12-02,57449.0
1066,2015-12-03,57295.0
1067,2015-12-04,56549.0
1068,2015-12-05,53819.0
1069,2015-12-06,53515.0
1070,2015-12-07,57567.0
1071,2015-12-08,58567.0
1072,2015-12-09,56645.0
1073,2015-12-10,57199.0
1074,2015-12-11,58715.0
1075,2015-12-12,56683.0
1076,2015-12-13,57815.0
1077,2015-12-14,63856.0
1078,2015-12-15,62549.0
1079,2015-12-16,61691.0
1080,2015-12-17,62211.0
1081,2015-12-18,59505.0
1082,2015-12-19,53449.0
1083,2015-12-20,52359.0
1084,2015-12-21,54807.0
1085,2015-12-22,57725.0
1086,2015-12-23,56408.0
1087,2015-12-24,52128.0
1088,2015-12-25,51483.0
1089,2015-12-26,56103.0
1090,2015-12-27,56824.0
1091,2015-12-28,61092.0
1092,2015-12-29,60760.0
1093,2015-12-30,57889.0
1094,2015-12-31,55368.0
1095,2016-01-01,53974.0
1096,2016-01-02,55271.0
1097,2016-01-03,56806.0
1098,2016-01-04,66269.0
1099,2016-01-05,66569.0
1100,2016-01-06,68554.0
1101,2016-01-07,69083.0
1102,2016-01-08,68008.0
1103,2016-01-09,66544.0
1104,2016-01-10,65173.0
1105,2016-01-11,69285.0
1106,2016-01-12,69019.0
1107,2016-01-13,70163.0
1108,2016-01-14,69647.0
1109,2016-01-15,68183.0
1110,2016-01-16,64304.0
1111,2016-01-17,63229.0
1112,2016-01-18,67596.0
1113,2016-01-19,69180.0
1114,2016-01-20,70290.0
1115,2016-01-21,68335.0
1116,2016-01-22,64580.0
1117,2016-01-23,61235.0
1118,2016-01-24,61409.0
1119,2016-01-25,64170.0
1120,2016-01-26,65679.0
1121,2016-01-27,62926.0
1122,2016-01-28,62496.0
1123,2016-01-29,62361.0
1124,2016-01-30,59880.0
1125,2016-01-31,59111.0
1126,2016-02-01,62190.0
1127,2016-02-02,63579.0
1128,2016-02-03,64081.0
1129,2016-02-04,63078.0
1130,2016-02-05,63663.0
1131,2016-02-06,60200.0
1132,2016-02-07,59248.0
1133,2016-02-08,61323.0
1134,2016-02-09,62275.0
1135,2016-02-10,62384.0
1136,2016-02-11,64244.0
1137,2016-02-12,64370.0
1138,2016-02-13,62145.0
1139,2016-02-14,61200.0
1140,2016-02-15,65700.0
1141,2016-02-16,64628.0
1142,2016-02-17,63056.0
1143,2016-02-18,60611.0
1144,2016-02-19,60796.0
1145,2016-02-20,59418.0
1146,2016-02-21,57763.0
1147,2016-02-22,62344.0
1148,2016-02-23,62866.0
1149,2016-02-24,63527.0
1150,2016-02-25,64346.0
1151,2016-02-26,65530.0
1152,2016-02-27,62608.0
1153,2016-02-28,61658.0
1154,2016-02-29,63478.0
1155,2016-03-01,62239.0
1156,2016-03-02,63864.0
1157,2016-03-03,64082.0
1158,2016-03-04,62026.0
1159,2016-03-05,59042.0
1160,2016-03-06,58518.0
1161,2016-03-07,60341.0
1162,2016-03-08,61417.0
1163,2016-03-09,61404.0
1164,2016-03-10,62358.0
1165,2016-03-11,59825.0
1166,2016-03-12,55767.0
1167,2016-03-13,55867.0
1168,2016-03-14,58520.0
1169,2016-03-15,58442.0
1170,2016-03-16,59017.0
1171,2016-03-17,61238.0
1172,2016-03-18,61816.0
1173,2016-03-19,58662.0
1174,2016-03-20,57855.0
1175,2016-03-21,62211.0
1176,2016-03-22,62866.0
1177,2016-03-23,60951.0
1178,2016-03-24,56180.0
1179,2016-03-25,55545.0
1180,2016-03-26,52954.0
1181,2016-03-27,48732.0
1182,2016-03-28,50774.0
1183,2016-03-29,54744.0
1184,2016-03-30,55422.0
1185,2016-03-31,56529.0
1186,2016-04-01,56014.0
1187,2016-04-02,52613.0
1188,2016-04-03,52400.0
1189,2016-04-04,55752.0
1190,2016-04-05,54423.0
1191,2016-04-06,54962.0
1192,2016-04-07,55111.0
1193,2016-04-08,51597.0
1194,2016-04-09,51407.0
1195,2016-04-10,52151.0
1196,2016-04-11,56206.0
1197,2016-04-12,56798.0
1198,2016-04-13,57853.0
1199,2016-04-14,56253.0
1200,2016-04-15,56171.0
1201,2016-04-16,51840.0
1202,2016-04-17,50770.0
1203,2016-04-18,53034.0
1204,2016-04-19,53402.0
1205,2016-04-20,53827.0
1206,2016-04-21,53199.0
1207,2016-04-22,53612.0
1208,2016-04-23,51452.0
1209,2016-04-24,51024.0
1210,2016-04-25,52898.0
1211,2016-04-26,50846.0
1212,2016-04-27,50468.0
1213,2016-04-28,48108.0
1214,2016-04-29,46026.0
1215,2016-04-30,44328.0
1216,2016-05-01,44111.0
1217,2016-05-02,46689.0
1218,2016-05-03,45969.0
1219,2016-05-04,47384.0
1220,2016-05-05,46204.0
1221,2016-05-06,46637.0
1222,2016-05-07,44367.0
1223,2016-05-08,44773.0
1224,2016-05-09,50059.0
1225,2016-05-10,50186.0
1226,2016-05-11,50108.0
1227,2016-05-12,50751.0
1228,2016-05-13,49855.0
1229,2016-05-14,45831.0
1230,2016-05-15,44563.0
1231,2016-05-16,48077.0
1232,2016-05-17,48270.0
1233,2016-05-18,50769.0
1234,2016-05-19,50721.0
1235,2016-05-20,48626.0
1236,2016-05-21,44174.0
1237,2016-05-22,41439.0
1238,2016-05-23,45957.0
1239,2016-05-24,47386.0
1240,2016-05-25,46238.0
1241,2016-05-26,47976.0
1242,2016-05-27,44534.0
1243,2016-05-28,40189.0
1244,2016-05-29,39476.0
1245,2016-05-30,41801.0
1246,2016-05-31,42565.0
1247,2016-06-01,43566.0
1248,2016-06-02,43342.0
1249,2016-06-03,42938.0
1250,2016-06-04,44945.0
1251,2016-06-05,45261.0
1252,2016-06-06,45456.0
1253,2016-06-07,47716.0
1254,2016-06-08,48443.0
1255,2016-06-09,48994.0
1256,2016-06-10,46969.0
1257,2016-06-11,42960.0
1258,2016-06-12,43056.0
1259,2016-06-13,46972.0
1260,2016-06-14,46650.0
1261,2016-06-15,46534.0
1262,2016-06-16,45546.0
1263,2016-06-17,43083.0
1264,2016-06-18,42650.0
1265,2016-06-19,44507.0
1266,2016-06-20,47785.0
1267,2016-06-21,45391.0
1268,2016-06-22,46308.0
1269,2016-06-23,45536.0
1270,2016-06-24,44618.0
1271,2016-06-25,41756.0
1272,2016-06-26,41188.0
1273,2016-06-27,41372.0
1274,2016-06-28,42237.0
1275,2016-06-29,43840.0
1276,2016-06-30,42221.0
1277,2016-07-01,41209.0
1278,2016-07-02,39368.0
1279,2016-07-03,39993.0
1280,2016-07-04,41755.0
1281,2016-07-05,43361.0
1282,2016-07-06,44961.0
1283,2016-07-07,44824.0
1284,2016-07-08,43148.0
1285,2016-07-09,42798.0
1286,2016-07-10,41750.0
1287,2016-07-11,41961.0
1288,2016-07-12,40020.0
1289,2016-07-13,39929.0
1290,2016-07-14,41705.0
1291,2016-07-15,42293.0
1292,2016-07-16,41081.0
1293,2016-07-17,40177.0
1294,2016-07-18,42739.0
1295,2016-07-19,42215.0
1296,2016-07-20,41320.0
1297,2016-07-21,40365.0
1298,2016-07-22,39386.0
1299,2016-07-23,38405.0
1300,2016-07-24,38793.0
1301,2016-07-25,40260.0
1302,2016-07-26,39908.0
1303,2016-07-27,40859.0
1304,2016-07-28,41061.0
1305,2016-07-29,41197.0
1306,2016-07-30,40450.0
1307,2016-07-31,38667.0
1308,2016-08-01,42149.0
1309,2016-08-02,42886.0
1310,2016-08-03,42921.0
1311,2016-08-04,42748.0
1312,2016-08-05,40617.0
1313,2016-08-06,40915.0
1314,2016-08-07,41578.0
1315,2016-08-08,43825.0
1316,2016-08-09,43840.0
1317,2016-08-10,45431.0
1318,2016-08-11,46375.0
1319,2016-08-12,46084.0
1320,2016-08-13,43857.0
1321,2016-08-14,43017.0
1322,2016-08-15,44921.0
1323,2016-08-16,45622.0
1324,2016-08-17,45157.0
1325,2016-08-18,43712.0
1326,2016-08-19,41260.0
1327,2016-08-20,39562.0
1328,2016-08-21,39504.0
1329,2016-08-22,43615.0
1330,2016-08-23,45075.0
1331,2016-08-24,45118.0
1332,2016-08-25,45180.0
1333,2016-08-26,44560.0
1334,2016-08-27,42802.0
1335,2016-08-28,44125.0
1336,2016-08-29,46418.0
1337,2016-08-30,45659.0
1338,2016-08-31,47284.0
1339,2016-09-01,43062.0
1340,2016-09-02,43650.0
1341,2016-09-03,42399.0
1342,2016-09-04,43184.0
1343,2016-09-05,46637.0
1344,2016-09-06,45868.0
1345,2016-09-07,43905.0
1346,2016-09-08,43739.0
1347,2016-09-09,44549.0
1348,2016-09-10,42168.0
1349,2016-09-11,41806.0
1350,2016-09-12,45204.0
1351,2016-09-13,46997.0
1352,2016-09-14,45255.0
1353,2016-09-15,46747.0
1354,2016-09-16,45018.0
1355,2016-09-17,43490.0
1356,2016-09-18,42564.0
1357,2016-09-19,44679.0
1358,2016-09-20,45410.0
1359,2016-09-21,46283.0
1360,2016-09-22,44786.0
1361,2016-09-23,44194.0
1362,2016-09-24,43610.0
1363,2016-09-25,42043.0
1364,2016-09-26,44428.0
1365,2016-09-27,45609.0
1366,2016-09-28,46006.0
1367,2016-09-29,45581.0
1368,2016-09-30,45257.0
1369,2016-10-01,42688.0
1370,2016-10-02,45186.0
1371,2016-10-03,49934.0
1372,2016-10-04,50108.0
1373,2016-10-05,48888.0
1374,2016-10-06,47514.0
1375,2016-10-07,47712.0
1376,2016-10-08,46646.0
1377,2016-10-09,47200.0
1378,2016-10-10,52474.0
1379,2016-10-11,52926.0
1380,2016-10-12,51687.0
1381,2016-10-13,50155.0
1382,2016-10-14,50849.0
1383,2016-10-15,48529.0
1384,2016-10-16,48960.0
1385,2016-10-17,52984.0
1386,2016-10-18,53615.0
1387,2016-10-19,52110.0
1388,2016-10-20,51497.0
1389,2016-10-21,51222.0
1390,2016-10-22,50048.0
1391,2016-10-23,50743.0
1392,2016-10-24,54842.0
1393,2016-10-25,54082.0
1394,2016-10-26,54594.0
1395,2016-10-27,54950.0
1396,2016-10-28,53485.0
1397,2016-10-29,50902.0
1398,2016-10-30,53412.0
1399,2016-10-31,55008.0
1400,2016-11-01,55882.0
1401,2016-11-02,57048.0
1402,2016-11-03,58217.0
1403,2016-11-04,59561.0
1404,2016-11-05,57875.0
1405,2016-11-06,58041.0
1406,2016-11-07,62771.0
1407,2016-11-08,62440.0
1408,2016-11-09,62028.0
1409,2016-11-10,61351.0
1410,2016-11-11,60733.0
1411,2016-11-12,56097.0
1412,2016-11-13,53018.0
1413,2016-11-14,55962.0
1414,2016-11-15,55158.0
1415,2016-11-16,54774.0
1416,2016-11-17,56670.0
1417,2016-11-18,56967.0
1418,2016-11-19,54643.0
1419,2016-11-20,54621.0
1420,2016-11-21,60021.0
1421,2016-11-22,59907.0
1422,2016-11-23,58943.0
1423,2016-11-24,57892.0
1424,2016-11-25,57288.0
1425,2016-11-26,56760.0
1426,2016-11-27,56562.0
1427,2016-11-28,60081.0
1428,2016-11-29,57528.0
1429,2016-11-30,56743.0
1430,2016-12-01,58003.0
1431,2016-12-02,59953.0
1432,2016-12-03,59338.0
1433,2016-12-04,56919.0
1434,2016-12-05,60403.0
1435,2016-12-06,60900.0
1436,2016-12-07,57342.0
1437,2016-12-08,56157.0
1438,2016-12-09,59816.0
1439,2016-12-10,60281.0
1440,2016-12-11,61361.0
1441,2016-12-12,63294.0
1442,2016-12-13,61207.0
1443,2016-12-14,59816.0
1444,2016-12-15,57842.0
1445,2016-12-16,53947.0
1446,2016-12-17,52885.0
1447,2016-12-18,54059.0
1448,2016-12-19,56513.0
1449,2016-12-20,56424.0
1450,2016-12-21,55991.0
1451,2016-12-22,58509.0
1452,2016-12-23,58739.0
1453,2016-12-24,56101.0
1454,2016-12-25,56213.0
1455,2016-12-26,57427.0
1456,2016-12-27,57643.0
1457,2016-12-28,56882.0
1458,2016-12-29,54866.0
1459,2016-12-30,53940.0
1460,2016-12-31,53245.0
1461,2017-01-01,53617.0
1462,2017-01-02,63029.0
1463,2017-01-03,67019.0
1464,2017-01-04,69787.0
1465,2017-01-05,69211.0
1466,2017-01-06,64120.0
1467,2017-01-07,59117.0
1468,2017-01-08,56634.0
1469,2017-01-09,59285.0
1470,2017-01-10,62554.0
1471,2017-01-11,62377.0
1472,2017-01-12,62610.0
1473,2017-01-13,62589.0
1474,2017-01-14,60268.0
1475,2017-01-15,60330.0
1476,2017-01-16,64010.0
1477,2017-01-17,61799.0
1478,2017-01-18,60765.0
1479,2017-01-19,61441.0
1480,2017-01-20,63094.0
1481,2017-01-21,60420.0
1482,2017-01-22,59175.0
1483,2017-01-23,62908.0
1484,2017-01-24,63672.0
1485,2017-01-25,60500.0
1486,2017-01-26,59008.0
1487,2017-01-27,57760.0
1488,2017-01-28,54914.0
1489,2017-01-29,54927.0
1490,2017-01-30,61156.0
1491,2017-01-31,62587.0
1492,2017-02-01,63167.0
1493,2017-02-02,62365.0
1494,2017-02-03,62331.0
1495,2017-02-04,61343.0
1496,2017-02-05,60222.0
1497,2017-02-06,64983.0
1498,2017-02-07,65550.0
1499,2017-02-08,65638.0
1500,2017-02-09,67366.0
1501,2017-02-10,66650.0
1502,2017-02-11,63805.0
1503,2017-02-12,59022.0
1504,2017-02-13,59838.0
1505,2017-02-14,59578.0
1506,2017-02-15,60506.0
1507,2017-02-16,61972.0
1508,2017-02-17,60193.0
1509,2017-02-18,60841.0
1510,2017-02-19,61373.0
1511,2017-02-20,65747.0
1512,2017-02-21,67433.0
1513,2017-02-22,68124.0
1514,2017-02-23,68568.0
1515,2017-02-24,66181.0
1516,2017-02-25,61960.0
1517,2017-02-26,62240.0
1518,2017-02-27,65632.0
1519,2017-02-28,65105.0
1520,2017-03-01,64562.0
1521,2017-03-02,64434.0
1522,2017-03-03,63921.0
1523,2017-03-04,61757.0
1524,2017-03-05,59988.0
1525,2017-03-06,62993.0
1526,2017-03-07,63558.0
1527,2017-03-08,64017.0
1528,2017-03-09,64112.0
1529,2017-03-10,61934.0
1530,2017-03-11,59086.0
1531,2017-03-12,58446.0
1532,2017-03-13,60366.0
1533,2017-03-14,59127.0
1534,2017-03-15,58837.0
1535,2017-03-16,59049.0
1536,2017-03-17,58479.0
1537,2017-03-18,56897.0
1538,2017-03-19,57300.0
1539,2017-03-20,60038.0
1540,2017-03-21,59047.0
1541,2017-03-22,57765.0
1542,2017-03-23,60156.0
1543,2017-03-24,58132.0
1544,2017-03-25,54730.0
1545,2017-03-26,52087.0
1546,2017-03-27,58326.0
1547,2017-03-28,60675.0
1548,2017-03-29,60848.0
1549,2017-03-30,60086.0
1550,2017-03-31,60010.0
1551,2017-04-01,56624.0
1552,2017-04-02,56866.0
1553,2017-04-03,58960.0
1554,2017-04-04,54773.0
1555,2017-04-05,55021.0
1556,2017-04-06,56994.0
1557,2017-04-07,56722.0
1558,2017-04-08,54774.0
1559,2017-04-09,54480.0
1560,2017-04-10,57397.0
1561,2017-04-11,57208.0
1562,2017-04-12,55514.0
1563,2017-04-13,53931.0
1564,2017-04-14,53151.0
1565,2017-04-15,52966.0
1566,2017-04-16,51506.0
1567,2017-04-17,53058.0
1568,2017-04-18,57311.0
1569,2017-04-19,57761.0
1570,2017-04-20,56002.0
1571,2017-04-21,53900.0
1572,2017-04-22,51702.0
1573,2017-04-23,50725.0
1574,2017-04-24,54397.0
1575,2017-04-25,53606.0
1576,2017-04-26,53849.0
1577,2017-04-27,53275.0
1578,2017-04-28,52107.0
1579,2017-04-29,49726.0
1580,2017-04-30,49988.0
1581,2017-05-01,52514.0
1582,2017-05-02,55113.0
1583,2017-05-03,53824.0
1584,2017-05-04,54093.0
1585,2017-05-05,51545.0
1586,2017-05-06,50168.0
1587,2017-05-07,50480.0
1588,2017-05-08,55147.0
1589,2017-05-09,54189.0
1590,2017-05-10,54207.0
1591,2017-05-11,54173.0
1592,2017-05-12,49982.0
1593,2017-05-13,45112.0
1594,2017-05-14,44831.0
1595,2017-05-15,46716.0
1596,2017-05-16,45388.0
1597,2017-05-17,42017.0
1598,2017-05-18,42455.0
1599,2017-05-19,42784.0
1600,2017-05-20,40988.0
1601,2017-05-21,40597.0
1602,2017-05-22,44638.0
1603,2017-05-23,45593.0
1604,2017-05-24,45039.0
1605,2017-05-25,42230.0
1606,2017-05-26,42329.0
1607,2017-05-27,39870.0
1608,2017-05-28,39394.0
1609,2017-05-29,43364.0
1610,2017-05-30,45655.0
1611,2017-05-31,45323.0
1612,2017-06-01,44485.0
1613,2017-06-02,43730.0
1614,2017-06-03,42894.0
1615,2017-06-04,41304.0
1616,2017-06-05,41126.0
1617,2017-06-06,40684.0
1618,2017-06-07,37260.0
1619,2017-06-08,37877.0
1620,2017-06-09,37726.0
1621,2017-06-10,35507.0
1622,2017-06-11,36688.0
1623,2017-06-12,39864.0
1624,2017-06-13,41044.0
1625,2017-06-14,43223.0
1626,2017-06-15,41832.0
1627,2017-06-16,43009.0
1628,2017-06-17,40570.0
1629,2017-06-18,40700.0
1630,2017-06-19,45619.0
1631,2017-06-20,44880.0
1632,2017-06-21,46019.0
1633,2017-06-22,47118.0
1634,2017-06-23,45577.0
1635,2017-06-24,42507.0
1636,2017-06-25,42237.0
1637,2017-06-26,44698.0
1638,2017-06-27,46429.0
1639,2017-06-28,46960.0
1640,2017-06-29,45384.0
1641,2017-06-30,43292.0
1642,2017-07-01,40349.0
1643,2017-07-02,41476.0
1644,2017-07-03,44387.0
1645,2017-07-04,46036.0
1646,2017-07-05,46046.0
1647,2017-07-06,46119.0
1648,2017-07-07,44419.0
1649,2017-07-08,41382.0
1650,2017-07-09,40295.0
1651,2017-07-10,39890.0
1652,2017-07-11,42028.0
1653,2017-07-12,41726.0
1654,2017-07-13,42967.0
1655,2017-07-14,44128.0
1656,2017-07-15,42246.0
1657,2017-07-16,41162.0
1658,2017-07-17,41957.0
1659,2017-07-18,42841.0
1660,2017-07-19,43918.0
1661,2017-07-20,43887.0
1662,2017-07-21,42548.0
1663,2017-07-22,41361.0
1664,2017-07-23,39771.0
1665,2017-07-24,41573.0
1666,2017-07-25,41829.0
1667,2017-07-26,43454.0
1668,2017-07-27,41877.0
1669,2017-07-28,42124.0
1670,2017-07-29,40488.0
1671,2017-07-30,40735.0
1672,2017-07-31,43728.0
1673,2017-08-01,43866.0
1674,2017-08-02,43292.0
1675,2017-08-03,44288.0
1676,2017-08-04,42970.0
1677,2017-08-05,41444.0
1678,2017-08-06,41312.0
1679,2017-08-07,43923.0
1680,2017-08-08,44195.0
1681,2017-08-09,42997.0
1682,2017-08-10,44052.0
1683,2017-08-11,43912.0
1684,2017-08-12,41441.0
1685,2017-08-13,42840.0
1686,2017-08-14,44733.0
1687,2017-08-15,46344.0
1688,2017-08-16,45336.0
1689,2017-08-17,44555.0
1690,2017-08-18,43018.0
1691,2017-08-19,40917.0
1692,2017-08-20,40528.0
1693,2017-08-21,43478.0
1694,2017-08-22,46178.0
1695,2017-08-23,47106.0
1696,2017-08-24,46174.0
1697,2017-08-25,44973.0
1698,2017-08-26,44031.0
1699,2017-08-27,43614.0
1700,2017-08-28,47270.0
1701,2017-08-29,45126.0
1702,2017-08-30,44390.0
1703,2017-08-31,44823.0
1704,2017-09-01,44017.0
1705,2017-09-02,43798.0
1706,2017-09-03,43363.0
1707,2017-09-04,45540.0
1708,2017-09-05,46673.0
1709,2017-09-06,46892.0
1710,2017-09-07,47351.0
1711,2017-09-08,45536.0
1712,2017-09-09,43528.0
1713,2017-09-10,44006.0
1714,2017-09-11,46731.0
1715,2017-09-12,47108.0
1716,2017-09-13,46756.0
1717,2017-09-14,46667.0
1718,2017-09-15,46091.0
1719,2017-09-16,44086.0
1720,2017-09-17,44434.0
1721,2017-09-18,45228.0
1722,2017-09-19,46224.0
1723,2017-09-20,46613.0
1724,2017-09-21,47172.0
1725,2017-09-22,45393.0
1726,2017-09-23,43492.0
1727,2017-09-24,41971.0
1728,2017-09-25,45731.0
1729,2017-09-26,46661.0
1730,2017-09-27,46783.0
1731,2017-09-28,47325.0
1732,2017-09-29,47467.0
1733,2017-09-30,45059.0
1734,2017-10-01,44331.0
1735,2017-10-02,47367.0
1736,2017-10-03,49885.0
1737,2017-10-04,49779.0
1738,2017-10-05,50224.0
1739,2017-10-06,49054.0
1740,2017-10-07,47188.0
1741,2017-10-08,47747.0
1742,2017-10-09,50930.0
1743,2017-10-10,50940.0
1744,2017-10-11,49977.0
1745,2017-10-12,50080.0
1746,2017-10-13,48947.0
1747,2017-10-14,46493.0
1748,2017-10-15,44506.0
1749,2017-10-16,50450.0
1750,2017-10-17,50353.0
1751,2017-10-18,50581.0
1752,2017-10-19,51977.0
1753,2017-10-20,52968.0
1754,2017-10-21,50912.0
1755,2017-10-22,51105.0
1756,2017-10-23,56708.0
1757,2017-10-24,57538.0
1758,2017-10-25,55999.0
1759,2017-10-26,55270.0
1760,2017-10-27,53645.0
1761,2017-10-28,50633.0
1762,2017-10-29,53863.0
1763,2017-10-30,58409.0
1764,2017-10-31,58129.0
1765,2017-11-01,57429.0
1766,2017-11-02,57550.0
1767,2017-11-03,54479.0
1768,2017-11-04,50623.0
1769,2017-11-05,50718.0
1770,2017-11-06,54867.0
1771,2017-11-07,55588.0
1772,2017-11-08,54748.0
1773,2017-11-09,52881.0
1774,2017-11-10,54252.0
1775,2017-11-11,53201.0
1776,2017-11-12,54331.0
1777,2017-11-13,58184.0
1778,2017-11-14,57705.0
1779,2017-11-15,57690.0
1780,2017-11-16,58501.0
1781,2017-11-17,60228.0
1782,2017-11-18,57747.0
1783,2017-11-19,59180.0
1784,2017-11-20,64406.0
1785,2017-11-21,64540.0
1786,2017-11-22,65279.0
1787,2017-11-23,63726.0
1788,2017-11-24,62114.0
1789,2017-11-25,57161.0
1790,2017-11-26,57370.0
1791,2017-11-27,60579.0
1792,2017-11-28,62223.0
1793,2017-11-29,63916.0
1794,2017-11-30,66563.0
1795,2017-12-01,64836.0
1796,2017-12-02,58821.0
1797,2017-12-03,57647.0
1798,2017-12-04,62789.0
1799,2017-12-05,63286.0
1800,2017-12-06,62031.0
1801,2017-12-07,63599.0
1802,2017-12-08,63403.0
1803,2017-12-09,59517.0
1804,2017-12-10,59026.0
1805,2017-12-11,61793.0
1806,2017-12-12,64581.0
1807,2017-12-13,65532.0
1808,2017-12-14,64959.0
1809,2017-12-15,65064.0
1810,2017-12-16,62046.0
1811,2017-12-17,61592.0
1812,2017-12-18,64372.0
1813,2017-12-19,63104.0
1814,2017-12-20,59301.0
1815,2017-12-21,60745.0
1816,2017-12-22,60911.0
1817,2017-12-23,58675.0
1818,2017-12-24,59035.0
1819,2017-12-25,60183.0
1820,2017-12-26,61841.0
1821,2017-12-27,64989.0
1822,2017-12-28,66125.0
1823,2017-12-29,64528.0
1824,2017-12-30,60175.0
1825,2017-12-31,59959.0
1826,2018-01-01,59979.0
1827,2018-01-02,64004.0
1828,2018-01-03,64896.0
1829,2018-01-04,66159.0
1830,2018-01-05,67154.0
1831,2018-01-06,64321.0
1832,2018-01-07,62791.0
1833,2018-01-08,65386.0
1834,2018-01-09,63360.0
1835,2018-01-10,62962.0
1836,2018-01-11,64664.0
1837,2018-01-12,61651.0
1838,2018-01-13,59481.0
1839,2018-01-14,61343.0
1840,2018-01-15,65807.0
1841,2018-01-16,63952.0
1842,2018-01-17,65934.0
1843,2018-01-18,67600.0
1844,2018-01-19,67854.0
1845,2018-01-20,66131.0
1846,2018-01-21,65967.0
1847,2018-01-22,69976.0
1848,2018-01-23,70130.0
1849,2018-01-24,70084.0
1850,2018-01-25,66910.0
1851,2018-01-26,64748.0
1852,2018-01-27,63458.0
1853,2018-01-28,63061.0
1854,2018-01-29,67644.0
1855,2018-01-30,66753.0
1856,2018-01-31,66668.0
1857,2018-02-01,68357.0
1858,2018-02-02,70177.0
1859,2018-02-03,67605.0
1860,2018-02-04,66589.0
1861,2018-02-05,67234.0
1862,2018-02-06,64561.0
1863,2018-02-07,68306.0
1864,2018-02-08,66625.0
1865,2018-02-09,63420.0
1866,2018-02-10,59555.0
1867,2018-02-11,58195.0
1868,2018-02-12,64120.0
1869,2018-02-13,64252.0
1870,2018-02-14,63398.0
1871,2018-02-15,63601.0
1872,2018-02-16,63068.0
1873,2018-02-17,61522.0
1874,2018-02-18,61846.0
1875,2018-02-19,66451.0
1876,2018-02-20,65368.0
1877,2018-02-21,68160.0
1878,2018-02-22,68056.0
1879,2018-02-23,66588.0
1880,2018-02-24,64616.0
1881,2018-02-25,65061.0
1882,2018-02-26,69417.0
1883,2018-02-27,67125.0
1884,2018-02-28,66298.0
1885,2018-03-01,64379.0
1886,2018-03-02,63269.0
1887,2018-03-03,61913.0
1888,2018-03-04,62688.0
1889,2018-03-05,66861.0
1890,2018-03-06,67472.0
1891,2018-03-07,68084.0
1892,2018-03-08,67655.0
1893,2018-03-09,65420.0
1894,2018-03-10,62501.0
1895,2018-03-11,61030.0
1896,2018-03-12,63224.0
1897,2018-03-13,64024.0
1898,2018-03-14,64951.0
1899,2018-03-15,64677.0
1900,2018-03-16,64161.0
1901,2018-03-17,61790.0
1902,2018-03-18,60100.0
1903,2018-03-19,63351.0
1904,2018-03-20,64041.0
1905,2018-03-21,63903.0
1906,2018-03-22,62292.0
1907,2018-03-23,63637.0
1908,2018-03-24,59546.0
1909,2018-03-25,57517.0
1910,2018-03-26,64338.0
1911,2018-03-27,62929.0
1912,2018-03-28,59168.0
1913,2018-03-29,58083.0
1914,2018-03-30,57530.0
1915,2018-03-31,56514.0
1916,2018-04-01,55943.0
1917,2018-04-02,57316.0
1918,2018-04-03,60750.0
1919,2018-04-04,60804.0
1920,2018-04-05,58615.0
1921,2018-04-06,56907.0
1922,2018-04-07,56182.0
1923,2018-04-08,55419.0
1924,2018-04-09,58999.0
1925,2018-04-10,58298.0
1926,2018-04-11,58046.0
1927,2018-04-12,56328.0
1928,2018-04-13,51441.0
1929,2018-04-14,48050.0
1930,2018-04-15,49161.0
1931,2018-04-16,52435.0
1932,2018-04-17,51779.0
1933,2018-04-18,52547.0
1934,2018-04-19,52776.0
1935,2018-04-20,51853.0
1936,2018-04-21,49048.0
1937,2018-04-22,49558.0
1938,2018-04-23,51706.0
1939,2018-04-24,52473.0
1940,2018-04-25,52401.0
1941,2018-04-26,52903.0
1942,2018-04-27,52755.0
1943,2018-04-28,49412.0
1944,2018-04-29,49182.0
1945,2018-04-30,51531.0
1946,2018-05-01,49118.0
1947,2018-05-02,50267.0
1948,2018-05-03,48858.0
1949,2018-05-04,48463.0
1950,2018-05-05,46486.0
1951,2018-05-06,45976.0
1952,2018-05-07,50884.0
1953,2018-05-08,48829.0
1954,2018-05-09,45651.0
1955,2018-05-10,40802.0
1956,2018-05-11,43577.0
1957,2018-05-12,42618.0
1958,2018-05-13,41827.0
1959,2018-05-14,43895.0
1960,2018-05-15,44483.0
1961,2018-05-16,44563.0
1962,2018-05-17,44080.0
1963,2018-05-18,46867.0
1964,2018-05-19,46597.0
1965,2018-05-20,45312.0
1966,2018-05-21,45561.0
1967,2018-05-22,49146.0
1968,2018-05-23,48741.0
1969,2018-05-24,48886.0
1970,2018-05-25,47082.0
1971,2018-05-26,46475.0
1972,2018-05-27,46422.0
1973,2018-05-28,46882.0
1974,2018-05-29,46560.0
1975,2018-05-30,48615.0
1976,2018-05-31,47588.0
1977,2018-06-01,46319.0
1978,2018-06-02,45220.0
1979,2018-06-03,45348.0
1980,2018-06-04,49948.0
1981,2018-06-05,50861.0
1982,2018-06-06,51318.0
1983,2018-06-07,50610.0
1984,2018-06-08,49546.0
1985,2018-06-09,45541.0
1986,2018-06-10,44767.0
1987,2018-06-11,47898.0
1988,2018-06-12,48813.0
1989,2018-06-13,48435.0
1990,2018-06-14,45149.0
1991,2018-06-15,42921.0
1992,2018-06-16,41536.0
1993,2018-06-17,41887.0
1994,2018-06-18,45934.0
1995,2018-06-19,45488.0
1996,2018-06-20,45799.0
1997,2018-06-21,46310.0
1998,2018-06-22,46194.0
1999,2018-06-23,45328.0
2000,2018-06-24,45121.0
2001,2018-06-25,46666.0
2002,2018-06-26,47657.0
2003,2018-06-27,49239.0
2004,2018-06-28,47861.0
2005,2018-06-29,48102.0
2006,2018-06-30,45370.0
2007,2018-07-01,43040.0
2008,2018-07-02,40589.0
2009,2018-07-03,41062.0
2010,2018-07-04,45167.0
2011,2018-07-05,45096.0
2012,2018-07-06,43714.0
2013,2018-07-07,42594.0
2014,2018-07-08,40518.0
2015,2018-07-09,43621.0
2016,2018-07-10,42728.0
2017,2018-07-11,42942.0
2018,2018-07-12,41689.0
2019,2018-07-13,42649.0
2020,2018-07-14,42486.0
2021,2018-07-15,42719.0
2022,2018-07-16,41906.0
2023,2018-07-17,40221.0
2024,2018-07-18,40164.0
2025,2018-07-19,40280.0
2026,2018-07-20,40857.0
2027,2018-07-21,38963.0
2028,2018-07-22,39694.0
2029,2018-07-23,41377.0
2030,2018-07-24,41317.0
2031,2018-07-25,40920.0
2032,2018-07-26,40888.0
2033,2018-07-27,40946.0
2034,2018-07-28,38056.0
2035,2018-07-29,38025.0
2036,2018-07-30,39071.0
2037,2018-07-31,40185.0
2038,2018-08-01,40688.0
2039,2018-08-02,40974.0
2040,2018-08-03,39322.0
2041,2018-08-04,38615.0
2042,2018-08-05,37672.0
2043,2018-08-06,41937.0
2044,2018-08-07,43013.0
2045,2018-08-08,43024.0
2046,2018-08-09,42122.0
2047,2018-08-10,42520.0
2048,2018-08-11,40591.0
2049,2018-08-12,40381.0
2050,2018-08-13,46389.0
2051,2018-08-14,45799.0
2052,2018-08-15,45818.0
2053,2018-08-16,44183.0
2054,2018-08-17,42322.0
2055,2018-08-18,41457.0
2056,2018-08-19,41153.0
2057,2018-08-20,44934.0
2058,2018-08-21,46269.0
2059,2018-08-22,46863.0
2060,2018-08-23,45747.0
2061,2018-08-24,45646.0
2062,2018-08-25,43846.0
2063,2018-08-26,43404.0
2064,2018-08-27,49261.0
2065,2018-08-28,48161.0
2066,2018-08-29,48630.0
2067,2018-08-30,46033.0
2068,2018-08-31,45809.0
2069,2018-09-01,44714.0
2070,2018-09-02,43961.0
2071,2018-09-03,45957.0
2072,2018-09-04,47005.0
2073,2018-09-05,48437.0
2074,2018-09-06,47775.0
2075,2018-09-07,46619.0
2076,2018-09-08,43897.0
2077,2018-09-09,42865.0
2078,2018-09-10,46788.0
2079,2018-09-11,45940.0
2080,2018-09-12,46028.0
2081,2018-09-13,46943.0
2082,2018-09-14,46519.0
2083,2018-09-15,44615.0
2084,2018-09-16,43637.0
2085,2018-09-17,47271.0
2086,2018-09-18,47319.0
2087,2018-09-19,48149.0
2088,2018-09-20,45115.0
2089,2018-09-21,44915.0
2090,2018-09-22,43093.0
2091,2018-09-23,45038.0
2092,2018-09-24,50593.0
2093,2018-09-25,51598.0
2094,2018-09-26,49730.0
2095,2018-09-27,52529.0
2096,2018-09-28,51967.0
2097,2018-09-29,47439.0
2098,2018-09-30,46653.0
2099,2018-10-01,50641.0
2100,2018-10-02,52680.0
2101,2018-10-03,53560.0
2102,2018-10-04,54407.0
2103,2018-10-05,52780.0
2104,2018-10-06,51249.0
2105,2018-10-07,51805.0
2106,2018-10-08,53383.0
2107,2018-10-09,53272.0
2108,2018-10-10,53040.0
2109,2018-10-11,52256.0
2110,2018-10-12,49958.0
2111,2018-10-13,47533.0
2112,2018-10-14,46698.0
2113,2018-10-15,50666.0
2114,2018-10-16,51970.0
2115,2018-10-17,50317.0
2116,2018-10-18,50909.0
2117,2018-10-19,52192.0
2118,2018-10-20,48934.0
2119,2018-10-21,48742.0
2120,2018-10-22,52542.0
2121,2018-10-23,55233.0
2122,2018-10-24,56983.0
2123,2018-10-25,57017.0
2124,2018-10-26,59184.0
2125,2018-10-27,56859.0
2126,2018-10-28,59863.0
2127,2018-10-29,60098.0
2128,2018-10-30,61275.0
2129,2018-10-31,59897.0
2130,2018-11-01,56518.0
2131,2018-11-02,55252.0
2132,2018-11-03,52525.0
2133,2018-11-04,51688.0
2134,2018-11-05,54065.0
2135,2018-11-06,55203.0
2136,2018-11-07,57730.0
2137,2018-11-08,58595.0
2138,2018-11-09,57714.0
2139,2018-11-10,52455.0
2140,2018-11-11,50654.0
2141,2018-11-12,53990.0
2142,2018-11-13,54898.0
2143,2018-11-14,55227.0
2144,2018-11-15,54280.0
2145,2018-11-16,51455.0
2146,2018-11-17,51231.0
2147,2018-11-18,54725.0
2148,2018-11-19,59441.0
2149,2018-11-20,59566.0
2150,2018-11-21,60368.0
2151,2018-11-22,59965.0
2152,2018-11-23,58948.0
2153,2018-11-24,56123.0
2154,2018-11-25,59874.0
2155,2018-11-26,63048.0
2156,2018-11-27,63789.0
2157,2018-11-28,61566.0
2158,2018-11-29,59809.0
2159,2018-11-30,56291.0
2160,2018-12-01,52306.0
2161,2018-12-02,53191.0
2162,2018-12-03,56708.0
2163,2018-12-04,57526.0
2164,2018-12-05,60442.0
2165,2018-12-06,60900.0
2166,2018-12-07,62939.0
2167,2018-12-08,63073.0
2168,2018-12-09,60622.0
2169,2018-12-10,61701.0
2170,2018-12-11,64047.0
2171,2018-12-12,63333.0
2172,2018-12-13,61963.0
2173,2018-12-14,60619.0
2174,2018-12-15,59401.0
2175,2018-12-16,63205.0
2176,2018-12-17,68013.0
2177,2018-12-18,66624.0
2178,2018-12-19,64607.0
2179,2018-12-20,64258.0
2180,2018-12-21,62043.0
2181,2018-12-22,62675.0
2182,2018-12-23,62139.0
2183,2018-12-24,60290.0
2184,2018-12-25,58105.0
2185,2018-12-26,58690.0
2186,2018-12-27,60489.0
2187,2018-12-28,58420.0
2188,2018-12-29,56222.0
2189,2018-12-30,59157.0
2190,2018-12-31,59065.0
2191,2019-01-01,57835.0
2192,2019-01-02,62359.0
2193,2019-01-03,63206.0
2194,2019-01-04,58747.0
2195,2019-01-05,56606.0
2196,2019-01-06,52853.0
2197,2019-01-07,56516.0
2198,2019-01-08,58657.0
2199,2019-01-09,58002.0
2200,2019-01-10,59582.0
2201,2019-01-11,60164.0
2202,2019-01-12,58623.0
2203,2019-01-13,59256.0
2204,2019-01-14,65651.0
2205,2019-01-15,67598.0
2206,2019-01-16,67184.0
2207,2019-01-17,67476.0
2208,2019-01-18,66274.0
2209,2019-01-19,63330.0
2210,2019-01-20,63537.0
2211,2019-01-21,68065.0
2212,2019-01-22,68694.0
2213,2019-01-23,68984.0
2214,2019-01-24,68892.0
2215,2019-01-25,67380.0
2216,2019-01-26,65174.0
2217,2019-01-27,65737.0
2218,2019-01-28,70126.0
2219,2019-01-29,70023.0
2220,2019-01-30,69062.0
2221,2019-01-31,68526.0
2222,2019-02-01,66775.0
2223,2019-02-02,64170.0
2224,2019-02-03,64754.0
2225,2019-02-04,67976.0
2226,2019-02-05,68936.0
2227,2019-02-06,68331.0
2228,2019-02-07,67228.0
2229,2019-02-08,64889.0
2230,2019-02-09,62509.0
2231,2019-02-10,61147.0
2232,2019-02-11,62797.0
2233,2019-02-12,62619.0
2234,2019-02-13,64380.0
2235,2019-02-14,60726.0
2236,2019-02-15,57926.0
2237,2019-02-16,56266.0
2238,2019-02-17,57598.0
2239,2019-02-18,60653.0
2240,2019-02-19,61254.0
2241,2019-02-20,63816.0
2242,2019-02-21,65040.0
2243,2019-02-22,61452.0
2244,2019-02-23,53425.0
2245,2019-02-24,52738.0
2246,2019-02-25,57593.0
2247,2019-02-26,58422.0
2248,2019-02-27,58233.0
2249,2019-02-28,60081.0
2250,2019-03-01,62747.0
2251,2019-03-02,59326.0
2252,2019-03-03,61376.0
2253,2019-03-04,65869.0
2254,2019-03-05,66650.0
2255,2019-03-06,65010.0
2256,2019-03-07,63202.0
2257,2019-03-08,63818.0
2258,2019-03-09,61379.0
2259,2019-03-10,59855.0
2260,2019-03-11,64159.0
2261,2019-03-12,62046.0
2262,2019-03-13,62552.0
2263,2019-03-14,61758.0
2264,2019-03-15,59563.0
2265,2019-03-16,57293.0
2266,2019-03-17,57894.0
2267,2019-03-18,61325.0
2268,2019-03-19,60953.0
2269,2019-03-20,58889.0
2270,2019-03-21,59464.0
2271,2019-03-22,59358.0
2272,2019-03-23,55932.0
2273,2019-03-24,55693.0
2274,2019-03-25,59711.0
2275,2019-03-26,60613.0
2276,2019-03-27,59259.0
2277,2019-03-28,58661.0
2278,2019-03-29,58285.0
2279,2019-03-30,57199.0
2280,2019-03-31,53805.0
2281,2019-04-01,60692.0
2282,2019-04-02,57751.0
2283,2019-04-03,56725.0
2284,2019-04-04,57539.0
2285,2019-04-05,56740.0
2286,2019-04-06,55200.0
2287,2019-04-07,53814.0
2288,2019-04-08,59147.0
2289,2019-04-09,58596.0
2290,2019-04-10,59531.0
2291,2019-04-11,60136.0
2292,2019-04-12,57682.0
2293,2019-04-13,54007.0
2294,2019-04-14,53846.0
2295,2019-04-15,55580.0
2296,2019-04-16,53354.0
2297,2019-04-17,52431.0
2298,2019-04-18,48790.0
2299,2019-04-19,49923.0
2300,2019-04-20,46989.0
2301,2019-04-21,47234.0
2302,2019-04-22,48521.0
2303,2019-04-23,50538.0
2304,2019-04-24,49993.0
2305,2019-04-25,48153.0
2306,2019-04-26,48352.0
2307,2019-04-27,45890.0
2308,2019-04-28,45302.0
2309,2019-04-29,50326.0
2310,2019-04-30,51343.0
2311,2019-05-01,50120.0
2312,2019-05-02,53625.0
2313,2019-05-03,54796.0
2314,2019-05-04,51794.0
2315,2019-05-05,51373.0
2316,2019-05-06,54264.0
2317,2019-05-07,52954.0
2318,2019-05-08,52715.0
2319,2019-05-09,50811.0
2320,2019-05-10,49211.0
2321,2019-05-11,45289.0
2322,2019-05-12,47389.0
2323,2019-05-13,52834.0
2324,2019-05-14,52212.0
2325,2019-05-15,52069.0
2326,2019-05-16,49800.0
2327,2019-05-17,46256.0
2328,2019-05-18,44030.0
2329,2019-05-19,44115.0
2330,2019-05-20,44600.0
2331,2019-05-21,45266.0
2332,2019-05-22,45409.0
2333,2019-05-23,46316.0
2334,2019-05-24,46470.0
2335,2019-05-25,46729.0
2336,2019-05-26,45378.0
2337,2019-05-27,49112.0
2338,2019-05-28,48994.0
2339,2019-05-29,46522.0
2340,2019-05-30,44991.0
2341,2019-05-31,46690.0
2342,2019-06-01,45406.0
2343,2019-06-02,45924.0
2344,2019-06-03,46708.0
2345,2019-06-04,44609.0
2346,2019-06-05,44236.0
2347,2019-06-06,43003.0
2348,2019-06-07,43259.0
2349,2019-06-08,40773.0
2350,2019-06-09,40733.0
2351,2019-06-10,44359.0
2352,2019-06-11,47176.0
2353,2019-06-12,46583.0
2354,2019-06-13,43131.0
2355,2019-06-14,43928.0
2356,2019-06-15,41730.0
2357,2019-06-16,42817.0
2358,2019-06-17,44917.0
2359,2019-06-18,44585.0
2360,2019-06-19,44545.0
2361,2019-06-20,43367.0
2362,2019-06-21,42700.0
2363,2019-06-22,41850.0
2364,2019-06-23,42140.0
2365,2019-06-24,45509.0
2366,2019-06-25,46847.0
2367,2019-06-26,46069.0
2368,2019-06-27,45756.0
2369,2019-06-28,48141.0
2370,2019-06-29,43299.0
2371,2019-06-30,45574.0
2372,2019-07-01,46967.0
2373,2019-07-02,47246.0
2374,2019-07-03,46395.0
2375,2019-07-04,46796.0
2376,2019-07-05,47413.0
2377,2019-07-06,45905.0
2378,2019-07-07,43412.0
2379,2019-07-08,42742.0
2380,2019-07-09,42146.0
2381,2019-07-10,43362.0
2382,2019-07-11,42925.0
2383,2019-07-12,43028.0
2384,2019-07-13,41741.0
2385,2019-07-14,42428.0
2386,2019-07-15,44424.0
2387,2019-07-16,44254.0
2388,2019-07-17,44909.0
2389,2019-07-18,43418.0
2390,2019-07-19,40747.0
2391,2019-07-20,39406.0
2392,2019-07-21,37901.0
2393,2019-07-22,39661.0
2394,2019-07-23,36317.0
2395,2019-07-24,36944.0
2396,2019-07-25,38475.0
2397,2019-07-26,40351.0
2398,2019-07-27,39457.0
2399,2019-07-28,39967.0
2400,2019-07-29,43101.0
2401,2019-07-30,43494.0
2402,2019-07-31,44198.0
2403,2019-08-01,44106.0
2404,2019-08-02,44756.0
2405,2019-08-03,41872.0
2406,2019-08-04,41072.0
2407,2019-08-05,45217.0
2408,2019-08-06,43489.0
2409,2019-08-07,43348.0
2410,2019-08-08,43505.0
2411,2019-08-09,43655.0
2412,2019-08-10,40899.0
2413,2019-08-11,37353.0
2414,2019-08-12,40884.0
2415,2019-08-13,41165.0
2416,2019-08-14,42373.0
2417,2019-08-15,43604.0
2418,2019-08-16,43925.0
2419,2019-08-17,40494.0
2420,2019-08-18,40736.0
2421,2019-08-19,42111.0
2422,2019-08-20,43789.0
2423,2019-08-21,43785.0
2424,2019-08-22,41030.0
2425,2019-08-23,44498.0
2426,2019-08-24,42531.0
2427,2019-08-25,43257.0
2428,2019-08-26,46244.0
2429,2019-08-27,46566.0
2430,2019-08-28,44627.0
2431,2019-08-29,43378.0
2432,2019-08-30,43268.0
2433,2019-08-31,42274.0
2434,2019-09-01,41220.0
2435,2019-09-02,44397.0
2436,2019-09-03,45457.0
2437,2019-09-04,45655.0
2438,2019-09-05,45701.0
2439,2019-09-06,45694.0
2440,2019-09-07,44704.0
2441,2019-09-08,44870.0
2442,2019-09-09,46581.0
2443,2019-09-10,45843.0
2444,2019-09-11,44493.0
2445,2019-09-12,42551.0
2446,2019-09-13,45249.0
2447,2019-09-14,44494.0
2448,2019-09-15,42316.0
2449,2019-09-16,46708.0
2450,2019-09-17,46790.0
2451,2019-09-18,46857.0
2452,2019-09-19,49096.0
2453,2019-09-20,48973.0
2454,2019-09-21,45582.0
2455,2019-09-22,47179.0
2456,2019-09-23,50041.0
2457,2019-09-24,49862.0
2458,2019-09-25,50231.0
2459,2019-09-26,47632.0
2460,2019-09-27,47238.0
2461,2019-09-28,45379.0
2462,2019-09-29,46476.0
2463,2019-09-30,50498.0
2464,2019-10-01,49176.0
2465,2019-10-02,49042.0
2466,2019-10-03,50630.0
2467,2019-10-04,51415.0
2468,2019-10-05,49800.0
2469,2019-10-06,48746.0
2470,2019-10-07,50660.0
2471,2019-10-08,51037.0
2472,2019-10-09,51665.0
2473,2019-10-10,52015.0
2474,2019-10-11,52638.0
2475,2019-10-12,50919.0
2476,2019-10-13,52149.0
2477,2019-10-14,55949.0
2478,2019-10-15,56779.0
2479,2019-10-16,56763.0
2480,2019-10-17,58038.0
2481,2019-10-18,56349.0
2482,2019-10-19,53840.0
2483,2019-10-20,55833.0
2484,2019-10-21,59221.0
2485,2019-10-22,56511.0
2486,2019-10-23,56463.0
2487,2019-10-24,55318.0
2488,2019-10-25,55551.0
2489,2019-10-26,53642.0
2490,2019-10-27,57592.0
2491,2019-10-28,58784.0
2492,2019-10-29,60243.0
2493,2019-10-30,60606.0
2494,2019-10-31,59750.0
2495,2019-11-01,60315.0
2496,2019-11-02,58930.0
2497,2019-11-03,58486.0
2498,2019-11-04,60853.0
2499,2019-11-05,61397.0
2500,2019-11-06,62156.0
2501,2019-11-07,63361.0
2502,2019-11-08,63984.0
2503,2019-11-09,63215.0
2504,2019-11-10,64263.0
2505,2019-11-11,66875.0
2506,2019-11-12,63315.0
2507,2019-11-13,60951.0
2508,2019-11-14,62039.0
2509,2019-11-15,60735.0
2510,2019-11-16,58676.0
2511,2019-11-17,58951.0
2512,2019-11-18,60867.0
2513,2019-11-19,58489.0
2514,2019-11-20,57168.0
2515,2019-11-21,58381.0
2516,2019-11-22,59724.0
2517,2019-11-23,56175.0
2518,2019-11-24,55994.0
2519,2019-11-25,59750.0
2520,2019-11-26,61038.0
2521,2019-11-27,63461.0
2522,2019-11-28,64081.0
2523,2019-11-29,64173.0
2524,2019-11-30,61651.0
2525,2019-12-01,60451.0
2526,2019-12-02,63794.0
2527,2019-12-03,61734.0
2528,2019-12-04,58740.0
2529,2019-12-05,57736.0
2530,2019-12-06,59103.0
2531,2019-12-07,58559.0
2532,2019-12-08,58363.0
2533,2019-12-09,62734.0
2534,2019-12-10,65233.0
2535,2019-12-11,64493.0
2536,2019-12-12,60675.0
2537,2019-12-13,61599.0
2538,2019-12-14,58964.0
2539,2019-12-15,56998.0
2540,2019-12-16,61042.0
2541,2019-12-17,61700.0
2542,2019-12-18,62814.0
2543,2019-12-19,63203.0
2544,2019-12-20,63595.0
2545,2019-12-21,61396.0
2546,2019-12-22,58701.0
2547,2019-12-23,59048.0
2548,2019-12-24,56972.0
2549,2019-12-25,57109.0
2550,2019-12-26,57979.0
2551,2019-12-27,59533.0
2552,2019-12-28,57840.0
2553,2019-12-29,53012.0
2554,2019-12-30,55037.0
2555,2019-12-31,57419.0
2556,2020-01-01,55538.0
2557,2020-01-02,56097.0
2558,2020-01-03,58245.0
2559,2020-01-04,59895.0
2560,2020-01-05,59808.0
2561,2020-01-06,60892.0
2562,2020-01-07,57997.0
2563,2020-01-08,59297.0
2564,2020-01-09,63534.0
2565,2020-01-10,60880.0
2566,2020-01-11,56382.0
2567,2020-01-12,57676.0
2568,2020-01-13,60764.0
2569,2020-01-14,61613.0
2570,2020-01-15,62178.0
2571,2020-01-16,62017.0
2572,2020-01-17,61809.0
2573,2020-01-18,60414.0
2574,2020-01-19,61355.0
2575,2020-01-20,61718.0
2576,2020-01-21,60386.0
2577,2020-01-22,62695.0
2578,2020-01-23,61096.0
2579,2020-01-24,61712.0
2580,2020-01-25,60430.0
2581,2020-01-26,61697.0
2582,2020-01-27,66822.0
2583,2020-01-28,68144.0
2584,2020-01-29,66284.0
2585,2020-01-30,64746.0
2586,2020-01-31,64724.0
2587,2020-02-01,61483.0
2588,2020-02-02,61004.0
2589,2020-02-03,64043.0
2590,2020-02-04,65398.0
2591,2020-02-05,66770.0
2592,2020-02-06,65196.0
2593,2020-02-07,62432.0
2594,2020-02-08,57406.0
2595,2020-02-09,55240.0
2596,2020-02-10,60482.0
2597,2020-02-11,59162.0
2598,2020-02-12,59683.0
2599,2020-02-13,61196.0
2600,2020-02-14,63535.0
2601,2020-02-15,60760.0
2602,2020-02-16,59376.0
2603,2020-02-17,60836.0
2604,2020-02-18,60590.0
2605,2020-02-19,61852.0
2606,2020-02-20,63292.0
2607,2020-02-21,60326.0
2608,2020-02-22,57250.0
2609,2020-02-23,57324.0
2610,2020-02-24,62048.0
2611,2020-02-25,62475.0
2612,2020-02-26,63926.0
2613,2020-02-27,63073.0
2614,2020-02-28,62400.0
2615,2020-02-29,60596.0
2616,2020-03-01,60903.0
2617,2020-03-02,64619.0
2618,2020-03-03,62957.0
2619,2020-03-04,63141.0
2620,2020-03-05,62946.0
2621,2020-03-06,62699.0
2622,2020-03-07,57288.0
2623,2020-03-08,55899.0
2624,2020-03-09,58521.0
2625,2020-03-10,61000.0
2626,2020-03-11,60805.0
2627,2020-03-12,61790.0
2628,2020-03-13,62870.0
2629,2020-03-14,60827.0
2630,2020-03-15,58550.0
2631,2020-03-16,62349.0
2632,2020-03-17,59598.0
2633,2020-03-18,59637.0
2634,2020-03-19,60073.0
2635,2020-03-20,61297.0
2636,2020-03-21,59363.0
2637,2020-03-22,57889.0
2638,2020-03-23,60546.0
2639,2020-03-24,59661.0
2640,2020-03-25,58959.0
2641,2020-03-26,59715.0
2642,2020-03-27,58803.0
2643,2020-03-28,60494.0
2644,2020-03-29,57286.0
2645,2020-03-30,62858.0
2646,2020-03-31,62069.0
2647,2020-04-01,60223.0
2648,2020-04-02,60456.0
2649,2020-04-03,60422.0
2650,2020-04-04,59094.0
2651,2020-04-05,58123.0
2652,2020-04-06,58717.0
2653,2020-04-07,56273.0
2654,2020-04-08,56476.0
2655,2020-04-09,55363.0
2656,2020-04-10,56124.0
2657,2020-04-11,55154.0
2658,2020-04-12,54960.0
2659,2020-04-13,55042.0
2660,2020-04-14,56354.0
2661,2020-04-15,56301.0
2662,2020-04-16,56074.0
2663,2020-04-17,56618.0
2664,2020-04-18,54909.0
2665,2020-04-19,52486.0
2666,2020-04-20,53758.0
2667,2020-04-21,52301.0
2668,2020-04-22,53974.0
2669,2020-04-23,54414.0
2670,2020-04-24,53080.0
2671,2020-04-25,52872.0
2672,2020-04-26,52468.0
2673,2020-04-27,54084.0
2674,2020-04-28,53267.0
2675,2020-04-29,51623.0
2676,2020-04-30,50782.0
2677,2020-05-01,48023.0
2678,2020-05-02,49099.0
2679,2020-05-03,50220.0
2680,2020-05-04,53028.0
2681,2020-05-05,53089.0
2682,2020-05-06,54208.0
2683,2020-05-07,54432.0
2684,2020-05-08,53092.0
2685,2020-05-09,51123.0
2686,2020-05-10,49451.0
2687,2020-05-11,53437.0
2688,2020-05-12,55355.0
2689,2020-05-13,54080.0
2690,2020-05-14,52484.0
2691,2020-05-15,54417.0
2692,2020-05-16,49757.0
2693,2020-05-17,47098.0
2694,2020-05-18,48334.0
2695,2020-05-19,47167.0
2696,2020-05-20,45938.0
2697,2020-05-21,43910.0
2698,2020-05-22,40289.0
2699,2020-05-23,37719.0
2700,2020-05-24,37524.0
2701,2020-05-25,39403.0
2702,2020-05-26,40347.0
2703,2020-05-27,39430.0
2704,2020-05-28,42730.0
2705,2020-05-29,42759.0
2706,2020-05-30,41033.0
2707,2020-05-31,37473.0
2708,2020-06-01,36875.0
2709,2020-06-02,40083.0
2710,2020-06-03,40814.0
2711,2020-06-04,40070.0
2712,2020-06-05,39048.0
2713,2020-06-06,37561.0
2714,2020-06-07,38037.0
2715,2020-06-08,43797.0
2716,2020-06-09,42324.0
2717,2020-06-10,42144.0
2718,2020-06-11,40729.0
2719,2020-06-12,40799.0
2720,2020-06-13,35687.0
2721,2020-06-14,36452.0
2722,2020-06-15,42161.0
2723,2020-06-16,43092.0
2724,2020-06-17,41218.0
2725,2020-06-18,41092.0
2726,2020-06-19,41567.0
2727,2020-06-20,38835.0
2728,2020-06-21,37695.0
2729,2020-06-22,40444.0
2730,2020-06-23,42865.0
2731,2020-06-24,42810.0
2732,2020-06-25,43474.0
2733,2020-06-26,44966.0
2734,2020-06-27,42351.0
2735,2020-06-28,40178.0
2736,2020-06-29,42517.0
2737,2020-06-30,44996.0
2738,2020-07-01,45863.0
2739,2020-07-02,46288.0
2740,2020-07-03,43799.0
2741,2020-07-04,42091.0
2742,2020-07-05,40272.0
2743,2020-07-06,42336.0
2744,2020-07-07,44132.0
2745,2020-07-08,42924.0
2746,2020-07-09,41703.0
2747,2020-07-10,40657.0
2748,2020-07-11,39099.0
2749,2020-07-12,40484.0
2750,2020-07-13,41803.0
2751,2020-07-14,40547.0
2752,2020-07-15,39104.0
2753,2020-07-16,39368.0
2754,2020-07-17,39153.0
2755,2020-07-18,39749.0
2756,2020-07-19,39530.0
2757,2020-07-20,41730.0
2758,2020-07-21,41252.0
2759,2020-07-22,40975.0
2760,2020-07-23,43912.0
2761,2020-07-24,42668.0
2762,2020-07-25,40546.0
2763,2020-07-26,37673.0
2764,2020-07-27,40140.0
2765,2020-07-28,38906.0
2766,2020-07-29,40022.0
2767,2020-07-30,39440.0
2768,2020-07-31,40646.0
2769,2020-08-01,40359.0
2770,2020-08-02,39686.0
2771,2020-08-03,42130.0
2772,2020-08-04,41289.0
2773,2020-08-05,42447.0
2774,2020-08-06,42149.0
2775,2020-08-07,43937.0
2776,2020-08-08,40379.0
2777,2020-08-09,41739.0
2778,2020-08-10,43101.0
2779,2020-08-11,44224.0
2780,2020-08-12,43874.0
2781,2020-08-13,43540.0
2782,2020-08-14,42458.0
2783,2020-08-15,42143.0
2784,2020-08-16,44659.0
2785,2020-08-17,47151.0
2786,2020-08-18,46786.0
2787,2020-08-19,45998.0
2788,2020-08-20,46605.0
2789,2020-08-21,43525.0
2790,2020-08-22,39936.0
2791,2020-08-23,39485.0
2792,2020-08-24,44347.0
2793,2020-08-25,44610.0
2794,2020-08-26,43982.0
2795,2020-08-27,44793.0
2796,2020-08-28,45980.0
2797,2020-08-29,43891.0
2798,2020-08-30,43994.0
2799,2020-08-31,47231.0
2800,2020-09-01,46532.0
2801,2020-09-02,44872.0
2802,2020-09-03,43859.0
2803,2020-09-04,44299.0
2804,2020-09-05,43067.0
2805,2020-09-06,43097.0
2806,2020-09-07,44728.0
2807,2020-09-08,45119.0
2808,2020-09-09,47082.0
2809,2020-09-10,45589.0
2810,2020-09-11,46131.0
2811,2020-09-12,43571.0
2812,2020-09-13,44026.0
2813,2020-09-14,43030.0
2814,2020-09-15,42588.0
2815,2020-09-16,43646.0
2816,2020-09-17,45201.0
2817,2020-09-18,44676.0
2818,2020-09-19,44651.0
2819,2020-09-20,44585.0
2820,2020-09-21,48294.0
2821,2020-09-22,48762.0
2822,2020-09-23,48313.0
2823,2020-09-24,49374.0
2824,2020-09-25,48110.0
2825,2020-09-26,48995.0
2826,2020-09-27,44760.0
2827,2020-09-28,46423.0
2828,2020-09-29,43452.0
2829,2020-09-30,41529.0
2830,2020-10-01,39907.0
2831,2020-10-02,41636.0
2832,2020-10-03,40724.0
2833,2020-10-04,40524.0
2834,2020-10-05,43059.0
2835,2020-10-06,41709.0
2836,2020-10-07,42101.0
2837,2020-10-08,43153.0
2838,2020-10-09,43761.0
2839,2020-10-10,42458.0
2840,2020-10-11,42329.0
2841,2020-10-12,47102.0
2842,2020-10-13,49416.0
2843,2020-10-14,49562.0
2844,2020-10-15,48255.0
2845,2020-10-16,48954.0
2846,2020-10-17,48955.0
2847,2020-10-18,50251.0
2848,2020-10-19,55283.0
2849,2020-10-20,54776.0
2850,2020-10-21,54561.0
2851,2020-10-22,55779.0
2852,2020-10-23,55269.0
2853,2020-10-24,53665.0
2854,2020-10-25,53948.0
2855,2020-10-26,51867.0
2856,2020-10-27,51613.0
2857,2020-10-28,52692.0
2858,2020-10-29,53599.0
2859,2020-10-30,54182.0
2860,2020-10-31,46777.0
2861,2020-11-01,46581.0
2862,2020-11-02,47044.0
2863,2020-11-03,49277.0
2864,2020-11-04,47898.0
2865,2020-11-05,50450.0
2866,2020-11-06,50669.0
2867,2020-11-07,48585.0
2868,2020-11-08,51332.0
2869,2020-11-09,53856.0
2870,2020-11-10,54148.0
2871,2020-11-11,52212.0
2872,2020-11-12,51150.0
2873,2020-11-13,50780.0
2874,2020-11-14,48964.0
2875,2020-11-15,47293.0
2876,2020-11-16,47751.0
2877,2020-11-17,46895.0
2878,2020-11-18,49647.0
2879,2020-11-19,55576.0
2880,2020-11-20,55138.0
2881,2020-11-21,50964.0
2882,2020-11-22,50382.0
2883,2020-11-23,53926.0
2884,2020-11-24,54665.0
2885,2020-11-25,57217.0
2886,2020-11-26,57234.0
2887,2020-11-27,55158.0
2888,2020-11-28,53082.0
2889,2020-11-29,52333.0
2890,2020-11-30,53587.0
2891,2020-12-01,56362.0
2892,2020-12-02,54477.0
2893,2020-12-03,53301.0
2894,2020-12-04,56424.0
2895,2020-12-05,55373.0
2896,2020-12-06,57020.0
2897,2020-12-07,59790.0
2898,2020-12-08,58299.0
2899,2020-12-09,55696.0
2900,2020-12-10,56049.0
2901,2020-12-11,57927.0
2902,2020-12-12,56988.0
2903,2020-12-13,56458.0
2904,2020-12-14,57657.0
2905,2020-12-15,58782.0
2906,2020-12-16,58373.0
2907,2020-12-17,59813.0
2908,2020-12-18,61994.0
2909,2020-12-19,57945.0
2910,2020-12-20,54401.0
2911,2020-12-21,55046.0
2912,2020-12-22,56274.0
2913,2020-12-23,56114.0
2914,2020-12-24,55152.0
2915,2020-12-25,55698.0
2916,2020-12-26,57531.0
2917,2020-12-27,61414.0
2918,2020-12-28,58026.0
2919,2020-12-29,56031.0
2920,2020-12-30,56352.0
2921,2020-12-31,55387.0
