Date,Close,Open,High,Low,Vol.,Change
2013-01-02,112.47,111.50,112.90,111.27,183.14,1.22
2013-01-03,112.14,112.20,112.42,111.63,190.29,-0.29
2013-01-04,111.31,111.72,111.78,110.38,191.33,-0.74
2013-01-07,111.40,111.42,111.69,110.54,203.50,0.08
2013-01-08,111.94,111.42,112.47,111.12,194.00,0.48
2013-01-09,111.76,111.90,112.23,111.11,171.95,-0.16
2013-01-10,111.89,111.68,113.29,111.60,196.97,0.12
2013-01-11,110.64,111.95,111.95,109.60,168.07,-1.12
2013-01-14,111.88,110.62,112.15,110.31,110.23,1.12
2013-01-15,110.30,111.93,112.46,110.19,101.26,-1.41
2013-01-16,110.61,110.52,110.84,110.24,19.71,0.28
2013-01-17,111.10,109.74,111.38,109.45,206.29,0.44
2013-01-18,111.89,111.10,111.97,110.47,182.51,0.71
2013-01-21,111.71,111.67,111.99,111.41,74.58,-0.16
2013-01-22,112.42,111.71,112.65,111.35,207.85,0.64
2013-01-23,112.80,112.42,113.15,112.06,239.71,0.34
2013-01-24,113.28,112.76,113.65,112.40,211.58,0.43
2013-01-25,113.28,113.28,113.84,112.83,204.35,0.00
2013-01-28,113.48,113.45,113.80,112.60,172.16,0.18
2013-01-29,114.36,113.48,114.49,113.07,208.91,0.78
2013-01-30,114.90,114.28,115.24,114.07,200.61,0.47
2013-01-31,115.55,114.91,115.76,114.28,195.49,0.57
2013-02-01,116.76,115.77,117.07,115.40,245.85,1.05
2013-02-04,115.60,116.50,116.67,115.32,214.96,-0.99
2013-02-05,116.52,115.47,117.23,115.01,227.10,0.80
2013-02-06,116.73,116.45,117.05,115.72,207.78,0.18
2013-02-07,117.24,116.90,117.83,116.71,242.30,0.44
2013-02-08,118.90,117.48,119.17,117.31,206.48,1.42
2013-02-11,118.13,118.90,119.07,117.54,141.28,-0.65
2013-02-12,118.66,118.27,118.90,117.81,98.00,0.45
2013-02-13,118.72,118.66,119.12,118.39,27.82,0.05
2013-02-14,118.00,117.90,118.29,117.25,186.86,-0.61
2013-02-15,117.66,117.96,118.11,116.28,216.48,-0.29
2013-02-18,117.38,117.81,118.19,116.92,60.36,-0.24
2013-02-19,117.52,117.48,117.60,116.55,134.90,0.12
2013-02-20,115.60,117.35,117.66,115.02,219.24,-1.63
2013-02-21,113.53,115.20,115.31,113.32,248.79,-1.79
2013-02-22,114.10,113.60,114.79,113.60,173.50,0.50
2013-02-25,114.44,114.19,115.87,113.31,190.54,0.30
2013-02-26,112.71,113.64,114.34,112.41,257.23,-1.51
2013-02-27,111.87,112.80,113.35,111.65,220.01,-0.75
2013-02-28,111.38,111.95,112.57,110.87,224.45,-0.44
2013-03-01,110.40,110.90,111.36,109.82,251.90,-0.88
2013-03-04,110.09,110.58,110.89,109.58,226.78,-0.28
2013-03-05,111.61,110.10,111.93,110.10,233.65,1.38
2013-03-06,111.06,111.83,112.23,110.46,201.77,-0.49
2013-03-07,111.15,111.08,111.40,110.41,213.07,0.08
2013-03-08,110.85,110.90,111.33,109.14,228.95,-0.27
2013-03-11,110.22,110.67,110.72,109.53,164.82,-0.57
2013-03-12,109.65,110.13,111.20,109.30,146.00,-0.52
2013-03-13,108.52,109.70,109.89,107.91,106.23,-1.03
2013-03-14,109.42,108.36,109.98,108.18,18.27,0.83
2013-03-15,109.82,109.32,110.53,109.02,186.11,0.37
2013-03-18,109.51,109.83,109.83,107.78,180.93,-0.28
2013-03-19,107.45,109.41,109.54,107.25,226.68,-1.88
2013-03-20,108.72,107.59,108.92,107.55,169.06,1.18
2013-03-21,107.47,108.48,108.75,107.08,190.90,-1.15
2013-03-22,107.66,107.31,107.96,106.90,174.36,0.18
2013-03-25,108.17,106.86,109.07,106.80,199.23,0.47
2013-03-26,109.36,108.11,109.59,107.71,207.41,1.10
2013-03-27,109.69,109.40,109.98,108.85,217.52,0.30
2013-03-28,110.02,109.85,110.10,108.98,164.97,0.30
2013-04-01,111.08,110.15,111.33,109.38,102.14,0.96
2013-04-02,110.69,111.07,111.79,110.00,205.64,-0.35
2013-04-03,107.11,110.28,110.43,106.78,304.65,-3.23
2013-04-04,106.34,107.07,108.06,105.29,284.41,-0.72
2013-04-05,104.12,106.49,106.65,103.62,273.97,-2.09
2013-04-08,104.66,104.28,105.55,103.40,245.68,0.52
2013-04-09,106.23,104.78,106.50,104.27,173.29,1.50
2013-04-10,105.79,106.19,106.47,105.16,136.06,-0.41
2013-04-11,104.27,105.50,105.94,103.70,116.87,-1.44
2013-04-12,103.11,104.29,104.39,101.09,121.49,-1.11
2013-04-15,100.39,103.03,103.09,100.02,23.65,-2.64
2013-04-16,99.91,99.43,100.37,98.00,328.74,-0.48
2013-04-17,97.69,100.11,100.46,97.26,292.12,-2.22
2013-04-18,99.13,97.46,99.85,96.75,306.94,1.47
2013-04-19,99.65,99.54,100.33,99.04,175.36,0.52
2013-04-22,100.39,99.56,101.04,99.20,210.04,0.74
2013-04-23,100.31,100.56,100.59,98.78,242.74,-0.08
2013-04-24,101.73,100.34,101.99,100.22,204.01,1.42
2013-04-25,103.41,101.80,103.49,101.35,280.40,1.65
2013-04-26,103.16,103.20,103.48,102.25,196.48,-0.24
2013-04-29,103.81,102.79,103.94,102.57,200.11,0.63
2013-04-30,102.37,103.78,104.00,101.48,253.92,-1.39
2013-05-01,99.95,101.82,102.33,98.76,267.10,-2.36
2013-05-02,102.85,99.82,102.98,99.51,287.67,2.90
2013-05-03,104.19,102.80,104.92,102.37,257.17,1.30
2013-05-06,105.46,104.25,105.54,103.89,135.08,1.22
2013-05-07,104.40,105.40,105.94,104.00,264.56,-1.01
2013-05-08,104.34,104.11,104.80,103.53,229.32,-0.06
2013-05-09,104.47,104.44,104.60,103.45,197.07,0.12
2013-05-10,103.91,104.35,104.45,101.56,215.45,-0.54
2013-05-13,102.82,103.26,103.86,102.25,173.55,-1.05
2013-05-14,102.60,102.82,103.10,101.96,160.03,-0.21
2013-05-15,103.68,102.70,103.82,101.20,106.54,1.05
2013-05-16,103.80,103.74,104.40,102.95,26.35,0.12
2013-05-17,104.64,103.87,104.87,103.35,193.73,0.81
2013-05-20,104.80,104.75,105.31,103.83,164.96,0.15
2013-05-21,103.91,104.78,105.15,103.51,179.06,-0.85
2013-05-22,102.60,103.52,103.79,102.22,207.42,-1.26
2013-05-23,102.44,102.25,102.68,100.64,230.37,-0.16
2013-05-24,102.64,102.55,102.79,101.65,136.63,0.20
2013-05-27,102.62,102.52,102.65,102.10,21.12,-0.02
2013-05-28,104.23,102.51,104.69,102.48,195.12,1.57
2013-05-29,102.43,104.32,104.37,102.17,209.65,-1.73
2013-05-30,102.19,102.40,102.85,101.08,232.91,-0.23
2013-05-31,100.39,102.12,102.38,100.03,215.28,-1.76
2013-06-03,102.06,100.15,102.48,99.66,255.71,1.66
2013-06-04,103.24,102.02,103.58,101.47,300.89,1.16
2013-06-05,103.04,103.48,104.07,102.85,202.95,-0.19
2013-06-06,103.61,102.94,103.95,102.81,173.41,0.55
2013-06-07,104.56,103.65,105.01,102.89,234.18,0.92
2013-06-10,103.95,104.56,104.76,103.66,159.65,-0.58
2013-06-11,102.96,103.89,103.89,101.82,156.14,-0.95
2013-06-12,103.49,102.56,104.10,102.23,94.92,0.51
2013-06-13,104.25,103.33,104.26,102.75,21.31,0.73
2013-06-14,105.93,104.95,106.64,104.46,197.14,1.61
2013-06-17,105.47,105.77,106.67,105.28,160.18,-0.43
2013-06-18,106.02,105.66,106.24,105.11,150.87,0.52
2013-06-19,106.12,106.10,106.59,105.45,164.86,0.09
2013-06-20,102.15,105.62,105.62,101.75,301.24,-3.74
2013-06-21,100.91,102.10,103.09,100.04,263.37,-1.21
2013-06-24,101.16,100.61,101.64,99.67,254.19,0.25
2013-06-25,101.26,101.00,102.08,100.70,182.09,0.10
2013-06-26,101.66,101.10,101.89,100.25,195.23,0.40
2013-06-27,102.82,101.66,103.34,101.66,190.61,1.14
2013-06-28,102.16,102.76,103.44,101.87,230.25,-0.64
2013-07-01,103.00,101.90,103.71,101.63,230.92,0.82
2013-07-02,104.00,102.92,104.12,102.91,186.52,0.97
2013-07-03,105.76,104.18,106.03,104.18,258.39,1.69
2013-07-04,105.54,105.85,105.99,104.91,81.37,-0.21
2013-07-05,107.72,105.54,107.88,105.38,233.34,2.07
2013-07-08,107.43,108.00,108.04,106.79,185.82,-0.27
2013-07-09,107.81,107.27,108.26,106.85,163.66,0.35
2013-07-10,108.51,108.12,108.69,107.71,199.70,0.65
2013-07-11,107.73,108.24,108.93,107.02,184.69,-0.72
2013-07-12,108.81,107.33,109.14,107.28,127.81,1.00
2013-07-15,109.09,108.99,109.26,107.96,100.86,0.26
2013-07-16,109.40,109.05,109.72,108.63,19.97,0.28
2013-07-17,108.61,107.90,108.74,107.30,183.57,-0.72
2013-07-18,108.70,108.63,108.87,108.03,196.44,0.08
2013-07-19,108.07,108.73,109.18,107.01,212.19,-0.58
2013-07-22,108.15,108.30,108.68,107.55,198.42,0.07
2013-07-23,108.42,108.30,108.63,107.56,190.20,0.25
2013-07-24,107.19,108.44,108.60,106.25,197.80,-1.13
2013-07-25,107.65,107.11,107.87,106.54,176.11,0.43
2013-07-26,107.17,107.59,107.79,106.53,119.94,-0.45
2013-07-29,107.45,107.19,107.89,106.60,178.93,0.26
2013-07-30,106.91,107.45,107.56,106.54,160.00,-0.50
2013-07-31,107.70,106.84,107.95,105.73,222.57,0.74
2013-08-01,109.54,107.81,109.64,107.52,234.85,1.71
2013-08-02,108.95,109.52,110.09,108.38,160.76,-0.54
2013-08-05,108.70,109.09,109.44,107.55,168.83,-0.23
2013-08-06,108.18,108.74,109.23,107.46,229.16,-0.48
2013-08-07,107.44,108.07,108.16,107.07,208.43,-0.68
2013-08-08,106.68,107.39,107.86,105.85,175.73,-0.71
2013-08-09,108.22,106.81,108.32,106.60,148.43,1.44
2013-08-12,108.97,108.13,109.13,107.43,147.83,0.69
2013-08-13,109.82,109.08,110.06,108.95,112.23,0.78
2013-08-14,110.20,109.51,110.36,109.05,97.93,0.35
2013-08-15,111.11,110.35,111.53,110.35,19.27,0.83
2013-08-16,110.40,109.42,110.70,109.17,195.85,-0.64
2013-08-19,109.90,110.53,111.00,109.59,188.06,-0.45
2013-08-20,110.15,109.67,110.73,108.61,233.19,0.23
2013-08-21,109.81,110.11,110.28,109.23,195.77,-0.31
2013-08-22,109.90,109.70,110.15,109.40,154.99,0.08
2013-08-23,111.04,109.90,111.23,109.77,219.41,1.04
2013-08-26,110.73,111.15,111.68,110.50,92.72,-0.28
2013-08-27,114.36,111.16,115.29,110.73,288.71,3.28
2013-08-28,116.61,115.30,117.34,114.81,286.09,1.97
2013-08-29,115.16,115.86,117.04,114.18,248.52,-1.24
2013-08-30,114.01,114.20,115.53,113.63,245.06,-1.00
2013-09-02,114.33,114.00,114.57,112.20,90.95,0.28
2013-09-03,115.68,114.45,116.00,114.06,234.73,1.18
2013-09-04,114.91,115.65,116.09,114.40,209.65,-0.67
2013-09-05,115.26,114.95,115.55,114.29,151.29,0.30
2013-09-06,116.12,115.35,116.56,115.02,168.83,0.75
2013-09-09,113.72,115.93,116.18,113.00,200.57,-2.07
2013-09-10,111.25,113.00,113.55,110.59,176.16,-2.17
2013-09-11,111.50,111.52,112.49,111.02,109.34,0.22
2013-09-12,112.63,111.51,113.05,111.33,93.45,1.01
2013-09-13,112.78,112.87,112.91,111.60,18.64,0.13
2013-09-16,110.07,111.25,111.49,108.73,249.44,-2.40
2013-09-17,108.19,109.50,110.00,107.41,214.35,-1.71
2013-09-18,110.60,107.85,111.06,107.64,200.71,2.23
2013-09-19,108.76,110.92,111.26,108.52,201.58,-1.66
2013-09-20,109.22,108.62,109.67,108.40,160.65,0.42
2013-09-23,108.16,109.22,109.45,107.76,169.12,-0.97
2013-09-24,108.64,107.96,108.90,107.43,197.99,0.44
2013-09-25,108.32,108.73,110.09,107.89,211.60,-0.29
2013-09-26,109.21,108.00,109.26,108.00,143.12,0.82
2013-09-27,108.63,109.00,109.67,108.10,190.34,-0.53
2013-09-30,108.37,108.20,108.68,107.22,149.01,-0.24
2013-10-01,107.94,108.38,108.41,106.81,189.65,-0.40
2013-10-02,109.19,107.55,109.48,107.44,177.15,1.16
2013-10-03,109.00,108.90,109.85,108.58,212.25,-0.17
2013-10-04,109.46,108.69,109.77,108.61,144.47,0.42
2013-10-07,109.68,109.21,110.17,107.89,227.73,0.20
2013-10-08,110.16,109.64,110.80,109.38,163.84,0.44
2013-10-09,109.06,110.16,110.25,108.12,171.12,-1.00
2013-10-10,111.80,109.04,112.00,108.92,212.35,2.51
2013-10-11,111.28,111.65,111.85,110.51,141.35,-0.47
2013-10-14,111.04,110.87,111.41,109.87,106.79,-0.22
2013-10-15,109.96,111.08,111.27,109.53,93.75,-0.97
2013-10-16,110.86,109.45,111.23,109.45,15.37,0.82
2013-10-17,109.11,110.57,110.66,108.71,233.73,-1.58
2013-10-18,109.94,109.13,110.24,108.95,181.54,0.76
2013-10-21,109.64,109.96,110.19,109.21,190.11,-0.27
2013-10-22,109.97,109.76,110.94,109.57,238.66,0.30
2013-10-23,107.80,109.99,110.06,107.35,324.61,-1.97
2013-10-24,106.99,107.65,108.26,106.90,242.30,-0.75
2013-10-25,106.93,107.09,107.39,106.27,212.28,-0.06
2013-10-28,109.61,107.04,109.68,106.85,266.18,2.51
2013-10-29,109.01,109.41,109.46,108.45,185.01,-0.55
2013-10-30,109.86,108.76,110.16,108.59,234.60,0.78
2013-10-31,108.84,109.69,109.87,108.55,238.84,-0.93
2013-11-01,105.91,109.05,109.41,105.78,298.58,-2.69
2013-11-04,106.23,105.78,106.58,105.13,230.57,0.30
2013-11-05,105.33,106.25,106.53,105.19,186.82,-0.85
2013-11-06,105.24,105.64,106.41,104.86,243.84,-0.09
2013-11-07,103.46,105.00,105.21,103.24,291.12,-1.69
2013-11-08,105.12,103.53,105.38,102.98,242.70,1.60
2013-11-11,106.40,105.17,106.56,105.15,172.68,1.22
2013-11-12,105.81,106.40,107.38,105.51,156.69,-0.55
2013-11-13,107.12,105.93,107.45,105.89,114.00,1.24
2013-11-14,108.54,107.17,108.96,107.15,20.85,1.33
2013-11-15,108.50,108.38,108.65,107.69,198.64,-0.04
2013-11-18,108.47,108.50,108.73,107.53,185.49,-0.03
2013-11-19,106.92,108.30,108.63,106.81,224.43,-1.43
2013-11-20,108.06,107.20,108.38,106.51,220.19,1.07
2013-11-21,110.08,107.76,110.25,107.62,253.96,1.87
2013-11-22,111.05,110.07,111.40,109.65,276.25,0.88
2013-11-25,111.00,109.00,111.66,108.05,278.78,-0.05
2013-11-26,110.88,111.08,111.49,110.41,199.75,-0.11
2013-11-27,111.31,111.00,111.65,110.51,193.98,0.39
2013-11-28,110.86,111.40,111.55,110.61,61.68,-0.40
2013-11-29,109.69,111.04,111.50,109.62,126.88,-1.06
2013-12-02,111.45,109.60,112.34,109.28,266.95,1.60
2013-12-03,112.62,111.53,112.93,111.04,217.61,1.05
2013-12-04,111.88,112.91,113.02,111.46,235.28,-0.66
2013-12-05,110.98,111.65,112.23,110.76,191.78,-0.80
2013-12-06,111.61,111.07,112.06,110.94,155.52,0.57
2013-12-09,109.39,111.69,111.79,109.00,202.85,-1.99
2013-12-10,109.38,109.31,110.45,108.55,230.62,-0.01
2013-12-11,109.70,109.45,109.89,108.62,158.72,0.29
2013-12-12,108.67,109.52,109.98,108.44,128.31,-0.94
2013-12-13,108.83,108.53,109.00,108.02,98.10,0.15
2013-12-16,110.47,109.15,110.80,109.00,23.61,1.51
2013-12-17,108.44,109.20,109.41,108.20,149.78,-1.84
2013-12-18,109.63,108.33,109.73,107.80,187.96,1.10
2013-12-19,110.29,109.25,110.53,109.14,159.79,0.60
2013-12-20,111.77,110.09,111.89,109.87,169.48,1.34
2013-12-23,111.56,111.55,111.93,111.27,103.72,-0.19
2013-12-24,111.90,111.61,112.06,111.42,52.16,0.30
2013-12-26,111.98,111.99,112.12,111.46,43.62,0.07
2013-12-27,112.18,111.95,112.80,111.50,126.91,0.18
2013-12-30,111.21,112.20,112.64,110.90,111.07,-0.86
2013-12-31,110.80,111.18,111.52,110.40,84.99,-0.37
2014-01-01,110.92,110.92,110.92,110.92,-,0.11
2014-01-02,107.78,111.00,111.35,107.65,200.65,-2.83
2014-01-03,106.89,107.88,108.64,106.79,191.13,-0.83
2014-01-06,106.73,106.80,107.96,106.58,181.82,-0.15
2014-01-07,107.35,107.03,107.72,106.88,188.20,0.58
2014-01-08,107.15,107.49,107.95,107.00,185.54,-0.19
2014-01-09,106.39,107.35,108.20,106.12,175.37,-0.71
2014-01-10,107.25,106.44,107.58,106.03,198.57,0.81
2014-01-13,106.75,107.25,107.64,106.36,151.80,-0.47
2014-01-14,106.39,106.62,107.14,106.06,111.28,-0.34
2014-01-15,107.13,106.17,107.55,105.80,70.78,0.70
2014-01-16,107.09,106.82,107.35,106.44,14.56,-0.04
2014-01-17,106.48,105.55,106.95,105.44,198.42,-0.57
2014-01-20,106.35,106.28,106.65,105.81,103.66,-0.12
2014-01-21,106.73,106.35,108.00,106.28,254.31,0.36
2014-01-22,108.27,106.90,108.33,106.78,184.00,1.44
2014-01-23,107.58,108.14,108.28,107.37,241.80,-0.64
2014-01-24,107.88,107.58,108.03,106.23,244.56,0.28
2014-01-27,106.69,107.91,108.09,106.45,203.30,-1.10
2014-01-28,107.41,106.86,107.79,106.76,188.30,0.67
2014-01-29,107.85,107.36,108.05,106.93,207.31,0.41
2014-01-30,107.95,107.85,108.40,107.65,188.73,0.09
2014-01-31,106.40,107.75,107.94,106.30,231.46,-1.44
2014-02-03,106.04,106.40,106.72,105.40,264.73,-0.34
2014-02-04,105.78,105.85,106.23,105.49,186.44,-0.25
2014-02-05,106.25,106.09,106.44,105.58,193.78,0.44
2014-02-06,107.19,106.28,107.48,106.15,205.08,0.88
2014-02-07,109.57,107.32,109.74,106.88,215.63,2.22
2014-02-10,108.63,109.75,109.75,108.40,162.66,-0.86
2014-02-11,108.68,108.52,109.24,108.47,137.26,0.05
2014-02-12,108.79,108.78,109.50,108.47,105.89,0.10
2014-02-13,108.73,108.68,108.84,108.09,18.08,-0.06
2014-02-14,109.08,108.58,109.25,107.85,146.75,0.32
2014-02-17,109.18,109.13,109.40,108.64,56.87,0.09
2014-02-18,110.46,109.07,110.70,108.84,150.35,1.17
2014-02-19,110.47,110.55,110.82,110.02,163.34,0.01
2014-02-20,110.30,110.39,110.49,109.58,151.21,-0.15
2014-02-21,109.85,110.50,110.50,109.35,154.90,-0.41
2014-02-24,110.64,109.65,110.77,109.50,202.52,0.72
2014-02-25,109.51,110.64,110.64,109.42,198.16,-1.02
2014-02-26,109.52,109.56,109.97,109.20,186.71,0.01
2014-02-27,108.96,109.41,109.45,108.65,192.91,-0.51
2014-02-28,109.07,108.85,109.34,108.40,189.56,0.10
2014-03-03,111.20,109.44,112.39,109.26,291.31,1.95
2014-03-04,109.30,111.16,111.32,109.00,218.50,-1.71
2014-03-05,107.76,109.17,109.36,107.55,220.18,-1.41
2014-03-06,108.10,107.66,108.54,107.37,228.72,0.32
2014-03-07,109.00,108.30,109.09,107.82,172.05,0.83
2014-03-10,108.08,108.73,108.85,107.75,149.34,-0.84
2014-03-11,108.55,107.88,108.70,107.83,146.85,0.43
2014-03-12,108.02,108.41,108.55,107.61,159.23,-0.49
2014-03-13,107.39,108.26,108.51,106.98,86.26,-0.58
2014-03-14,108.57,107.25,108.69,107.24,12.88,1.10
2014-03-17,106.24,108.55,108.60,106.16,166.23,-2.15
2014-03-18,106.79,106.40,106.85,105.85,170.58,0.52
2014-03-19,105.85,106.60,106.87,105.71,188.48,-0.88
2014-03-20,106.45,105.90,106.75,105.41,205.21,0.57
2014-03-21,106.92,106.22,107.77,106.01,167.80,0.44
2014-03-24,106.81,107.01,107.50,106.45,142.79,-0.10
2014-03-25,106.99,106.59,107.48,106.44,167.09,0.17
2014-03-26,107.03,106.97,107.35,106.48,166.38,0.04
2014-03-27,107.83,107.00,107.99,106.77,184.83,0.75
2014-03-28,108.07,107.73,108.39,107.62,140.35,0.22
2014-03-31,107.76,108.00,108.33,107.05,145.62,-0.29
2014-04-01,105.62,107.66,107.80,105.10,195.03,-1.99
2014-04-02,104.79,105.32,105.85,103.95,271.60,-0.79
2014-04-03,106.15,104.59,106.32,104.45,220.54,1.30
2014-04-04,106.72,106.17,107.04,106.10,184.07,0.54
2014-04-07,105.82,106.35,106.63,105.13,215.20,-0.84
2014-04-08,107.67,105.97,107.85,105.78,193.36,1.75
2014-04-09,107.98,107.50,108.14,107.12,144.72,0.29
2014-04-10,107.46,107.90,107.92,107.26,124.82,-0.48
2014-04-11,107.33,107.35,107.87,106.98,105.40,-0.12
2014-04-14,109.07,107.42,109.12,107.26,95.83,1.62
2014-04-15,108.74,108.92,109.11,108.27,19.55,-0.30
2014-04-16,109.60,109.43,110.36,109.00,229.36,0.79
2014-04-17,109.53,109.60,110.19,109.08,163.99,-0.06
2014-04-21,109.95,109.76,110.05,108.89,71.87,0.38
2014-04-22,109.27,109.94,109.99,108.53,201.11,-0.62
2014-04-23,109.11,109.50,109.54,108.60,181.74,-0.15
2014-04-24,110.33,109.22,110.65,109.07,215.43,1.12
2014-04-25,109.58,110.33,110.63,109.25,216.21,-0.68
2014-04-28,108.12,109.50,110.20,107.86,246.47,-1.33
2014-04-29,108.98,108.13,109.37,108.00,206.50,0.80
2014-04-30,108.07,108.80,108.80,107.55,213.56,-0.84
2014-05-01,107.76,108.08,108.12,106.85,186.88,-0.29
2014-05-02,108.59,107.72,108.99,107.60,215.15,0.77
2014-05-05,107.72,108.92,108.92,107.05,139.53,-0.80
2014-05-06,107.06,107.53,108.21,106.97,194.54,-0.61
2014-05-07,108.13,107.17,108.25,106.96,217.14,1.00
2014-05-08,108.04,108.07,108.15,107.38,163.88,-0.08
2014-05-09,107.89,108.08,109.02,107.64,179.23,-0.14
2014-05-12,108.41,107.94,108.77,107.94,145.65,0.48
2014-05-13,109.24,108.37,109.46,108.05,130.64,0.77
2014-05-14,110.19,109.39,110.41,109.32,115.26,0.87
2014-05-15,110.44,110.21,110.60,109.75,20.37,0.23
2014-05-16,109.75,108.96,110.05,108.88,229.93,-0.62
2014-05-19,109.37,109.82,110.33,109.30,171.71,-0.35
2014-05-20,109.69,109.33,110.00,109.10,172.79,0.29
2014-05-21,110.55,109.76,110.73,109.70,220.00,0.78
2014-05-22,110.36,110.49,111.04,110.17,200.09,-0.17
2014-05-23,110.54,110.38,110.70,110.25,143.66,0.16
2014-05-26,110.32,110.40,110.55,109.75,29.31,-0.20
2014-05-27,110.02,110.35,110.80,109.71,173.41,-0.27
2014-05-28,109.81,110.22,110.40,109.41,175.31,-0.19
2014-05-29,109.97,109.89,110.46,109.72,174.68,0.15
2014-05-30,109.41,110.02,110.13,109.22,175.05,-0.51
2014-06-02,108.83,109.70,109.87,108.62,194.25,-0.53
2014-06-03,108.82,108.80,108.98,108.32,177.67,-0.01
2014-06-04,108.40,108.89,109.50,108.07,211.09,-0.39
2014-06-05,108.79,108.13,108.96,107.77,193.33,0.36
2014-06-06,108.61,108.85,109.31,108.46,155.00,-0.17
2014-06-09,109.99,108.68,110.16,108.55,189.21,1.27
2014-06-10,109.52,109.95,110.32,109.10,214.92,-0.43
2014-06-11,109.95,109.61,110.25,109.44,131.57,0.39
2014-06-12,113.02,110.09,113.34,110.00,133.07,2.79
2014-06-13,113.41,113.75,114.69,112.75,16.05,0.35
2014-06-16,112.94,112.73,113.28,112.33,175.90,-0.41
2014-06-17,113.45,112.97,113.80,112.16,240.52,0.45
2014-06-18,114.26,113.46,114.54,113.05,240.75,0.71
2014-06-19,115.06,114.22,115.71,114.15,250.24,0.70
2014-06-20,114.81,114.92,115.11,114.43,198.84,-0.22
2014-06-23,114.12,114.99,115.66,113.86,220.72,-0.60
2014-06-24,114.46,113.90,114.83,113.55,230.49,0.30
2014-06-25,114.00,114.31,114.65,113.23,211.91,-0.40
2014-06-26,113.21,114.24,114.29,113.00,180.86,-0.69
2014-06-27,113.30,113.07,113.71,112.90,135.71,0.08
2014-06-30,112.36,113.30,113.30,112.16,221.84,-0.83
2014-07-01,112.29,112.50,112.83,111.85,229.19,-0.06
2014-07-02,111.24,112.19,112.42,110.92,269.76,-0.94
2014-07-03,111.00,111.00,111.17,110.53,218.98,-0.22
2014-07-04,110.64,111.05,111.29,110.56,71.85,-0.32
2014-07-07,110.24,110.65,110.92,109.88,152.51,-0.36
2014-07-08,108.94,110.00,110.16,108.69,232.73,-1.18
2014-07-09,108.28,108.97,109.00,108.12,173.18,-0.61
2014-07-10,108.67,108.15,108.88,107.76,152.47,0.36
2014-07-11,106.66,108.58,108.74,106.27,171.04,-1.85
2014-07-14,106.98,106.42,107.50,106.21,99.20,0.30
2014-07-15,106.02,106.81,106.90,104.39,63.86,-0.90
2014-07-16,105.85,105.90,106.58,105.72,11.52,-0.16
2014-07-17,107.89,107.13,108.60,106.80,296.51,1.93
2014-07-18,107.24,108.50,108.62,106.94,210.88,-0.60
2014-07-21,107.68,107.15,107.87,106.79,211.70,0.41
2014-07-22,107.33,107.80,108.40,106.83,183.10,-0.33
2014-07-23,108.03,106.87,108.25,106.87,207.15,0.65
2014-07-24,107.07,108.15,108.21,106.83,179.57,-0.89
2014-07-25,108.39,107.20,108.46,106.73,253.17,1.23
2014-07-28,107.57,108.30,108.38,107.01,139.52,-0.76
2014-07-29,107.72,107.46,108.05,107.13,176.64,0.14
2014-07-30,106.51,107.50,107.86,105.84,218.39,-1.12
2014-07-31,106.02,106.06,106.59,105.41,234.55,-0.46
2014-08-01,104.84,105.60,106.12,104.39,216.36,-1.11
2014-08-04,105.41,104.82,105.71,104.52,207.79,0.54
2014-08-05,104.61,105.50,105.65,104.07,209.18,-0.76
2014-08-06,104.59,104.88,105.44,104.54,204.92,-0.02
2014-08-07,105.44,104.64,105.92,104.16,189.82,0.81
2014-08-08,105.02,105.67,106.85,104.67,203.74,-0.40
2014-08-11,104.68,105.00,105.43,104.35,143.61,-0.32
2014-08-12,103.02,104.50,104.61,102.65,139.91,-1.59
2014-08-13,104.28,102.84,104.35,102.37,99.10,1.22
2014-08-14,102.01,104.06,104.33,101.92,18.57,-2.18
2014-08-15,103.53,102.05,103.76,102.05,199.63,1.49
2014-08-18,101.60,103.21,103.30,101.11,181.10,-1.86
2014-08-19,101.56,101.62,102.07,101.07,177.10,-0.04
2014-08-20,102.28,101.50,102.37,101.44,166.19,0.71
2014-08-21,102.63,102.14,102.79,101.21,179.61,0.34
2014-08-22,102.29,102.67,102.83,102.00,132.51,-0.33
2014-08-25,102.65,102.10,102.82,101.65,82.94,0.35
2014-08-26,102.50,102.71,103.40,102.35,149.83,-0.15
2014-08-27,102.72,102.42,103.07,102.05,146.23,0.21
2014-08-28,102.46,102.54,103.20,102.25,184.78,-0.25
2014-08-29,103.19,102.51,103.30,102.49,169.33,0.71
2014-09-01,102.79,102.95,103.30,102.56,73.33,-0.39
2014-09-02,100.34,102.64,102.86,100.17,243.85,-2.38
2014-09-03,102.77,100.40,103.13,100.40,233.64,2.42
2014-09-04,101.83,102.41,102.95,101.70,218.44,-0.91
2014-09-05,100.82,101.87,102.44,100.35,202.14,-0.99
2014-09-08,100.20,100.80,101.00,99.36,197.61,-0.61
2014-09-09,99.16,100.20,100.62,99.03,172.50,-1.04
2014-09-10,98.04,99.35,99.47,97.60,203.28,-1.13
2014-09-11,98.08,98.12,98.49,96.72,144.79,0.04
2014-09-12,97.11,98.25,98.80,96.83,103.49,-0.99
2014-09-15,96.65,96.90,97.33,96.21,19.95,-0.47
2014-09-16,99.05,97.96,99.45,97.44,199.77,2.48
2014-09-17,98.97,98.95,99.61,98.51,190.17,-0.08
2014-09-18,97.70,98.69,99.14,97.42,193.58,-1.28
2014-09-19,98.39,97.65,98.49,97.18,158.39,0.71
2014-09-22,96.97,98.50,98.50,96.38,171.14,-1.44
2014-09-23,96.85,96.91,97.59,96.55,192.36,-0.12
2014-09-24,96.95,96.89,97.33,95.60,216.74,0.10
2014-09-25,97.00,97.03,97.56,96.22,190.33,0.05
2014-09-26,97.00,97.11,97.50,96.46,165.60,0.00
2014-09-29,97.20,96.81,97.34,96.27,170.23,0.21
2014-09-30,94.67,97.15,97.80,94.24,261.95,-2.60
2014-10-01,94.16,94.77,96.23,93.78,247.99,-0.54
2014-10-02,93.42,94.30,94.37,91.55,285.90,-0.79
2014-10-03,92.31,93.75,94.06,91.48,239.60,-1.19
2014-10-06,92.79,91.90,93.21,91.25,203.60,0.52
2014-10-07,92.11,92.81,92.99,91.40,222.63,-0.73
2014-10-08,91.38,91.89,91.89,90.57,207.63,-0.79
2014-10-09,90.05,91.62,91.85,88.42,216.47,-1.46
2014-10-10,90.21,89.10,90.49,88.11,197.68,0.18
2014-10-13,88.89,89.89,90.18,87.74,146.53,-1.46
2014-10-14,85.04,88.23,88.74,84.48,141.66,-4.33
2014-10-15,83.78,85.54,85.62,83.02,86.48,-1.48
2014-10-16,84.47,83.45,85.00,82.60,14.94,0.82
2014-10-17,86.16,86.50,87.34,85.49,280.47,2.00
2014-10-20,85.40,86.35,86.70,84.41,247.60,-0.88
2014-10-21,86.22,85.13,86.49,85.10,258.39,0.96
2014-10-22,84.71,86.46,87.07,84.47,264.81,-1.75
2014-10-23,86.83,84.71,87.19,84.12,306.98,2.50
2014-10-24,86.13,86.78,86.78,85.29,208.22,-0.81
2014-10-27,85.83,86.08,86.25,84.55,228.43,-0.35
2014-10-28,86.03,85.50,86.38,85.08,198.83,0.23
2014-10-29,87.12,86.10,87.94,86.06,243.75,1.27
2014-10-30,86.24,86.93,87.10,85.71,191.86,-1.01
2014-10-31,85.86,86.02,86.25,84.60,225.37,-0.44
2014-11-03,84.78,85.85,86.40,84.01,248.17,-1.26
2014-11-04,82.82,84.21,84.43,82.08,313.67,-2.31
2014-11-05,82.95,82.78,84.45,81.63,364.45,0.16
2014-11-06,82.86,83.10,83.27,82.05,224.78,-0.11
2014-11-07,83.39,82.67,83.86,82.16,195.44,0.64
2014-11-10,82.34,83.26,84.97,81.88,219.91,-1.26
2014-11-11,81.67,82.13,82.38,80.46,213.42,-0.81
2014-11-12,80.38,81.25,81.65,79.72,116.12,-1.58
2014-11-13,77.92,79.97,80.20,77.83,21.79,-3.06
2014-11-14,79.41,77.67,79.75,76.76,267.61,1.91
2014-11-17,79.31,79.50,79.60,77.94,189.08,-0.13
2014-11-18,78.47,79.01,79.95,78.21,209.55,-1.06
2014-11-19,78.10,78.41,79.45,78.04,247.15,-0.47
2014-11-20,79.33,78.16,79.95,77.56,206.38,1.57
2014-11-21,80.36,79.95,81.61,79.07,264.61,1.30
2014-11-24,79.68,80.50,80.85,79.40,151.15,-0.85
2014-11-25,78.33,79.45,80.44,78.05,256.83,-1.69
2014-11-26,77.75,78.28,78.86,77.30,202.19,-0.74
2014-11-27,72.58,77.40,77.46,71.25,244.65,-6.65
2014-11-28,70.15,72.58,73.41,69.78,262.03,-3.35
2014-12-01,72.54,70.15,73.02,67.53,369.85,3.41
2014-12-02,70.54,72.51,73.03,70.40,252.52,-2.76
2014-12-03,69.92,70.95,71.46,69.50,244.86,-0.88
2014-12-04,69.64,70.15,70.60,68.81,190.55,-0.40
2014-12-05,69.07,69.53,69.82,68.10,196.04,-0.82
2014-12-08,66.19,68.79,68.79,65.93,191.67,-4.17
2014-12-09,66.84,66.00,67.04,65.29,190.52,0.98
2014-12-10,64.24,66.25,66.36,63.56,249.64,-3.89
2014-12-11,63.68,64.47,65.13,63.05,185.63,-0.87
2014-12-12,61.85,63.01,63.66,61.35,153.89,-2.87
2014-12-15,61.06,61.20,63.25,60.20,107.89,-1.28
2014-12-16,59.86,60.65,61.01,58.50,19.70,-1.97
2014-12-17,61.18,59.90,63.40,58.71,304.05,2.21
2014-12-18,59.27,60.94,63.70,59.17,294.89,-3.12
2014-12-19,61.38,59.85,62.66,59.05,222.07,3.56
2014-12-22,60.11,61.99,62.97,59.84,195.79,-2.07
2014-12-23,61.69,60.24,62.14,59.84,159.86,2.63
2014-12-24,60.24,61.63,61.71,59.37,108.67,-2.35
2014-12-26,59.45,60.19,60.97,59.21,48.78,-1.31
2014-12-29,57.88,59.65,60.43,57.37,155.11,-2.64
2014-12-30,57.90,57.93,58.39,56.74,154.11,0.03
2014-12-31,57.33,57.35,57.68,55.81,148.14,-0.98
2015-01-02,56.42,58.02,58.54,55.48,177.98,-1.59
2015-01-05,53.11,56.25,56.30,52.66,289.89,-5.87
2015-01-06,51.10,53.20,53.60,50.52,338.88,-3.78
2015-01-07,51.15,51.15,51.84,49.66,318.28,0.10
2015-01-08,50.96,51.06,51.91,49.81,243.42,-0.37
2015-01-09,50.11,51.25,51.44,48.90,285.72,-1.67
2015-01-12,47.43,49.93,49.98,47.16,223.92,-5.35
2015-01-13,46.59,47.06,47.29,45.19,208.06,-1.77
2015-01-14,48.69,46.84,49.21,45.59,122.34,4.51
2015-01-15,47.67,48.68,50.62,47.00,17.93,-2.09
2015-01-16,50.17,48.25,50.41,48.07,293.49,5.24
2015-01-19,48.84,50.10,50.35,48.68,106.77,-2.65
2015-01-20,47.99,48.91,49.48,47.78,259.58,-1.74
2015-01-21,49.03,48.29,49.59,48.21,268.65,2.17
2015-01-22,48.52,48.60,50.45,48.02,321.47,-1.04
2015-01-23,48.79,49.11,49.80,48.55,245.34,0.56
2015-01-26,48.16,48.56,49.29,47.57,241.38,-1.29
2015-01-27,49.60,48.25,49.99,47.67,249.57,2.99
2015-01-28,48.47,49.10,49.72,48.29,275.15,-2.28
2015-01-29,49.13,48.69,49.25,48.37,236.63,1.36
2015-01-30,52.99,49.15,53.08,48.76,335.02,7.86
2015-02-02,54.75,52.68,55.62,51.41,402.07,3.32
2015-02-03,57.91,55.00,59.00,54.84,414.59,5.77
2015-02-04,54.16,57.19,58.06,53.50,359.74,-6.48
2015-02-05,56.57,54.80,57.87,53.07,338.82,4.45
2015-02-06,57.80,56.74,59.06,56.71,253.31,2.17
2015-02-09,58.34,57.93,59.61,57.30,213.52,0.93
2015-02-10,56.43,57.79,58.57,56.11,157.17,-3.27
2015-02-11,54.66,56.81,57.00,53.91,116.81,-3.14
2015-02-12,57.05,55.12,57.50,54.72,16.21,4.37
2015-02-13,61.52,59.27,61.77,59.08,348.80,7.84
2015-02-16,61.40,61.49,62.57,60.71,171.27,-0.20
2015-02-17,62.53,61.68,63.00,60.27,277.97,1.84
2015-02-18,60.53,62.30,62.46,60.09,224.10,-3.20
2015-02-19,60.21,59.54,60.99,57.80,303.86,-0.53
2015-02-20,60.22,60.20,61.15,59.82,221.76,0.02
2015-02-23,58.90,60.30,60.67,58.37,268.64,-2.19
2015-02-24,58.66,59.09,60.30,58.10,245.52,-0.41
2015-02-25,61.63,58.75,61.73,58.41,279.65,5.06
2015-02-26,60.05,61.85,62.63,59.66,261.45,-2.56
2015-02-27,62.58,60.75,62.83,60.51,255.02,4.21
2015-03-02,59.54,62.50,62.50,59.34,286.07,-4.86
2015-03-03,61.02,60.00,61.81,59.84,281.78,2.49
2015-03-04,60.55,60.85,60.94,59.47,260.54,-0.77
2015-03-05,60.48,60.60,61.57,60.08,215.12,-0.12
2015-03-06,59.73,60.75,61.30,59.17,181.48,-1.24
2015-03-09,58.53,59.62,60.02,58.38,194.78,-2.01
2015-03-10,56.39,58.37,58.72,56.12,191.78,-3.66
2015-03-11,57.54,56.45,57.95,55.92,176.06,2.04
2015-03-12,57.08,57.92,58.81,56.51,129.73,-0.80
2015-03-13,54.67,57.03,57.40,54.43,84.09,-4.22
2015-03-16,53.44,54.41,54.64,52.50,15.64,-2.25
2015-03-17,53.51,54.10,54.38,52.57,240.29,0.13
2015-03-18,55.91,53.28,56.84,52.68,262.44,4.49
2015-03-19,54.43,56.18,56.20,53.91,209.65,-2.65
2015-03-20,55.32,54.46,55.67,53.55,186.67,1.64
2015-03-23,55.92,55.24,56.19,54.12,191.64,1.08
2015-03-24,55.11,55.83,56.79,54.85,197.48,-1.45
2015-03-25,56.48,55.09,57.17,54.70,256.04,2.49
2015-03-26,59.19,56.35,59.78,56.30,334.87,4.80
2015-03-27,56.41,58.97,59.04,55.95,223.86,-4.70
2015-03-30,56.29,55.96,56.65,55.20,220.11,-0.21
2015-03-31,55.11,56.31,56.33,54.72,238.49,-2.10
2015-04-01,57.10,55.18,57.69,54.70,256.90,3.61
2015-04-02,54.95,56.72,57.28,54.00,288.97,-3.77
2015-04-06,58.12,55.18,58.24,55.08,126.80,5.77
2015-04-07,59.10,57.80,59.27,57.02,236.71,1.69
2015-04-08,55.55,58.30,58.72,55.45,250.56,-6.01
2015-04-09,56.57,56.10,58.02,55.97,174.81,1.84
2015-04-10,57.87,56.84,58.12,56.25,137.66,2.30
2015-04-13,57.93,58.02,59.54,57.46,119.32,0.10
2015-04-14,58.43,58.17,59.24,57.76,106.80,0.86
2015-04-15,60.32,58.74,60.45,58.74,21.18,3.23
2015-04-16,63.98,62.90,64.95,62.00,293.49,6.07
2015-04-17,63.45,64.02,64.50,62.95,220.12,-0.83
2015-04-20,63.45,63.85,64.40,62.10,239.80,0.00
2015-04-21,62.08,63.52,63.52,61.65,218.31,-2.16
2015-04-22,62.73,61.90,63.33,61.39,230.06,1.05
2015-04-23,64.85,62.88,65.58,62.22,326.74,3.38
2015-04-24,65.28,64.75,65.80,64.48,259.49,0.66
2015-04-27,64.83,65.47,65.61,64.40,189.77,-0.69
2015-04-28,64.64,64.74,65.49,63.90,196.46,-0.29
2015-04-29,65.84,64.64,66.72,64.13,238.44,1.86
2015-04-30,66.78,65.63,66.93,65.37,223.48,1.43
2015-05-01,66.46,66.78,66.93,65.52,189.32,-0.48
2015-05-04,66.45,66.40,67.10,65.95,120.21,-0.02
2015-05-05,67.52,66.33,68.40,66.14,255.64,1.61
2015-05-06,67.77,67.71,69.63,67.35,296.74,0.37
2015-05-07,65.54,67.37,68.49,65.17,292.89,-3.29
2015-05-08,65.39,65.64,66.12,64.23,248.59,-0.23
2015-05-11,64.91,65.37,65.75,64.25,202.51,-0.73
2015-05-12,66.86,64.77,67.46,64.68,183.27,3.00
2015-05-13,66.81,67.32,68.17,66.41,120.83,-0.07
2015-05-14,66.59,66.54,67.29,66.25,23.19,-0.33
2015-05-15,66.81,66.75,67.00,65.37,206.14,0.33
2015-05-18,66.27,66.91,67.88,65.92,198.22,-0.81
2015-05-19,64.02,66.19,66.39,63.95,253.35,-3.40
2015-05-20,65.03,64.49,65.18,64.10,210.40,1.58
2015-05-21,66.54,64.89,66.88,64.83,250.91,2.32
2015-05-22,65.37,66.59,66.64,65.10,184.55,-1.76
2015-05-25,65.52,65.56,66.22,64.72,41.14,0.23
2015-05-26,63.72,65.70,65.70,63.29,224.13,-2.75
2015-05-27,62.06,63.89,64.67,61.96,257.06,-2.61
2015-05-28,62.58,62.20,62.95,61.24,238.59,0.84
2015-05-29,65.56,62.89,65.83,62.68,278.46,4.76
2015-06-01,64.88,65.59,65.80,64.25,217.98,-1.04
2015-06-02,65.49,64.90,65.88,64.58,245.91,0.94
2015-06-03,63.80,65.38,65.40,63.50,262.66,-2.58
2015-06-04,62.03,63.81,64.08,61.78,235.21,-2.77
2015-06-05,63.31,62.08,63.43,60.94,248.87,2.06
2015-06-08,62.69,63.06,63.38,62.47,205.40,-0.98
2015-06-09,64.88,62.81,65.23,62.72,223.36,3.49
2015-06-10,65.70,65.04,66.36,64.88,210.40,1.26
2015-06-11,65.11,65.57,66.06,64.50,113.46,-0.90
2015-06-12,63.87,64.87,64.95,63.68,101.41,-1.90
2015-06-15,62.61,63.62,63.96,62.24,26.68,-1.97
2015-06-16,63.70,63.80,64.41,63.42,279.74,1.74
2015-06-17,63.87,63.60,65.47,62.60,331.88,0.27
2015-06-18,64.26,63.74,64.96,63.44,217.21,0.61
2015-06-19,63.02,64.20,64.56,62.34,216.17,-1.93
2015-06-22,63.34,62.57,63.74,62.10,216.39,0.51
2015-06-23,64.45,63.21,64.89,62.76,266.02,1.75
2015-06-24,63.49,64.66,65.05,63.01,256.39,-1.49
2015-06-25,63.20,63.50,63.95,62.72,213.75,-0.46
2015-06-26,63.26,63.34,63.62,62.50,212.12,0.09
2015-06-29,62.01,62.85,62.96,61.35,266.55,-1.98
2015-06-30,63.59,61.77,63.83,61.71,256.88,2.55
2015-07-01,62.01,63.02,63.35,61.84,266.62,-2.48
2015-07-02,62.07,61.92,63.20,61.75,206.00,0.10
2015-07-03,60.32,61.73,62.06,60.12,107.25,-2.82
2015-07-06,56.54,60.00,60.00,56.38,294.89,-6.27
2015-07-07,56.85,56.85,57.83,55.10,331.59,0.55
2015-07-08,57.05,57.25,57.75,55.87,301.11,0.35
2015-07-09,58.61,57.10,59.27,57.01,277.59,2.73
2015-07-10,58.73,58.49,59.66,57.86,154.37,0.20
2015-07-13,57.85,58.35,58.83,56.84,176.87,-1.50
2015-07-14,58.51,57.71,58.82,56.43,143.12,1.14
2015-07-15,57.05,58.63,58.81,56.86,79.69,-2.50
2015-07-16,57.51,57.31,58.21,56.95,14.29,0.81
2015-07-17,57.10,56.93,57.35,56.40,157.13,-0.71
2015-07-20,56.65,57.12,57.44,56.33,161.06,-0.79
2015-07-21,57.04,56.55,57.44,56.33,188.88,0.69
2015-07-22,56.13,56.88,56.90,55.92,221.46,-1.60
2015-07-23,55.27,56.04,56.53,55.10,207.13,-1.53
2015-07-24,54.62,55.39,55.60,54.30,195.04,-1.18
2015-07-27,53.47,54.45,54.89,52.83,226.37,-2.11
2015-07-28,53.30,53.08,54.08,52.28,290.60,-0.32
2015-07-29,53.38,52.99,54.33,52.51,290.43,0.15
2015-07-30,53.31,53.60,54.38,53.02,217.29,-0.13
2015-07-31,52.21,53.43,53.47,51.63,212.82,-2.06
2015-08-03,49.52,51.55,52.01,49.36,306.50,-5.15
2015-08-04,49.99,49.70,50.45,49.58,221.65,0.95
2015-08-05,49.59,50.14,50.99,49.02,280.76,-0.80
2015-08-06,49.52,49.72,49.83,48.88,236.36,-0.14
2015-08-07,48.61,49.62,50.06,48.42,245.82,-1.84
2015-08-10,50.41,48.43,50.49,48.24,208.26,3.70
2015-08-11,49.18,50.22,51.10,48.61,223.21,-2.44
2015-08-12,49.66,49.38,50.01,48.72,153.81,0.98
2015-08-13,49.22,49.82,50.39,48.85,115.92,-0.89
2015-08-14,49.03,49.11,49.52,48.80,21.37,-0.39
2015-08-17,48.74,48.76,49.44,48.35,195.61,-0.59
2015-08-18,48.81,48.55,49.04,48.25,191.53,0.14
2015-08-19,47.16,48.50,49.11,46.78,250.81,-3.38
2015-08-20,46.62,47.03,47.38,46.03,221.54,-1.15
2015-08-21,45.46,46.34,46.51,45.07,231.80,-2.49
2015-08-24,42.69,45.35,45.46,42.23,305.73,-6.09
2015-08-25,43.21,42.79,44.50,42.68,292.10,1.22
2015-08-26,43.14,43.32,43.76,42.81,267.56,-0.16
2015-08-27,47.56,43.75,47.75,43.70,333.70,10.25
2015-08-28,50.05,47.40,50.98,46.61,418.78,5.24
2015-08-31,54.15,50.05,54.32,48.25,321.32,8.19
2015-09-01,49.56,52.92,53.47,48.47,373.64,-8.48
2015-09-02,50.50,48.62,51.00,47.74,324.84,1.90
2015-09-03,50.68,50.58,52.46,49.82,270.54,0.36
2015-09-04,49.61,50.69,51.05,49.25,221.22,-2.11
2015-09-07,47.63,49.27,49.44,47.50,94.80,-3.99
2015-09-08,49.52,47.76,49.85,47.64,253.29,3.97
2015-09-09,47.58,49.39,50.04,47.32,173.22,-3.92
2015-09-10,48.89,47.46,48.95,46.76,192.42,2.75
2015-09-11,48.14,48.64,48.98,47.16,143.41,-1.53
2015-09-14,46.37,48.08,48.35,46.26,104.06,-3.68
2015-09-15,46.63,46.65,46.90,45.98,18.46,0.56
2015-09-16,49.75,48.06,50.34,47.71,288.33,6.69
2015-09-17,49.08,49.98,50.14,48.32,228.86,-1.35
2015-09-18,47.47,49.26,49.75,47.16,225.72,-3.28
2015-09-21,48.92,47.64,48.99,47.48,179.90,3.05
2015-09-22,49.08,48.50,49.21,47.70,185.41,0.33
2015-09-23,47.75,49.08,50.25,47.68,232.27,-2.71
2015-09-24,48.17,47.88,48.47,47.40,198.04,0.88
2015-09-25,48.60,48.17,49.10,47.86,189.40,0.89
2015-09-28,47.34,48.34,48.44,47.25,188.28,-2.59
2015-09-29,48.23,47.45,48.65,47.25,181.41,1.88
2015-09-30,48.37,47.96,49.00,47.79,219.89,0.29
2015-10-01,47.69,48.40,49.84,47.62,239.32,-1.41
2015-10-02,48.13,47.99,48.50,46.93,201.59,0.92
2015-10-05,49.25,48.08,49.87,47.84,215.45,2.33
2015-10-06,51.92,49.35,52.26,48.86,303.58,5.42
2015-10-07,51.33,52.15,53.15,51.21,299.91,-1.14
2015-10-08,53.05,51.76,53.52,51.28,219.94,3.35
2015-10-09,52.65,53.35,54.05,52.21,174.34,-0.75
2015-10-12,49.86,52.64,53.31,49.77,166.83,-5.30
2015-10-13,49.24,50.27,50.70,48.88,108.37,-1.24
2015-10-14,49.15,49.22,49.52,48.71,63.28,-0.18
2015-10-15,48.71,49.01,49.38,48.21,16.79,-0.90
2015-10-16,50.46,50.21,50.70,49.31,225.96,3.59
2015-10-19,48.61,50.38,50.68,48.57,223.31,-3.67
2015-10-20,48.71,48.83,49.20,48.22,253.33,0.21
2015-10-21,47.85,48.58,48.65,47.50,244.64,-1.77
2015-10-22,48.08,47.96,48.73,47.65,201.59,0.48
2015-10-23,47.99,48.32,48.65,47.45,242.06,-0.19
2015-10-26,47.54,48.00,48.33,47.30,193.98,-0.94
2015-10-27,46.81,47.43,47.57,46.41,243.11,-1.54
2015-10-28,49.05,46.91,49.23,46.61,306.60,4.79
2015-10-29,48.80,49.15,49.38,48.17,213.93,-0.51
2015-10-30,49.56,48.66,50.00,48.28,238.59,1.56
2015-11-02,48.79,49.50,49.69,48.61,224.28,-1.55
2015-11-03,50.54,48.90,50.91,48.46,283.36,3.59
2015-11-04,48.58,50.25,50.87,48.49,328.14,-3.88
2015-11-05,47.98,48.84,49.00,47.93,228.00,-1.24
2015-11-06,47.42,48.05,48.58,47.27,245.49,-1.17
2015-11-09,47.19,47.46,48.41,47.01,202.18,-0.49
2015-11-10,47.44,47.32,47.86,46.96,206.34,0.53
2015-11-11,45.81,47.08,47.73,45.62,193.34,-3.44
2015-11-12,44.06,45.92,46.27,43.89,132.49,-3.82
2015-11-13,43.61,44.08,44.85,43.57,28.63,-1.02
2015-11-16,44.56,44.70,45.18,43.15,310.12,2.18
2015-11-17,43.57,44.70,45.10,43.50,260.70,-2.22
2015-11-18,44.14,43.97,44.74,43.34,255.68,1.31
2015-11-19,44.18,44.30,44.76,43.70,201.03,0.09
2015-11-20,44.66,44.38,45.50,44.06,245.34,1.09
2015-11-23,44.83,44.46,45.73,43.57,291.00,0.38
2015-11-24,46.12,45.11,46.50,44.92,271.93,2.88
2015-11-25,46.17,46.04,46.50,45.03,229.11,0.11
2015-11-26,45.46,46.23,46.32,45.00,97.32,-1.54
2015-11-27,44.86,45.57,45.63,44.79,165.31,-1.32
2015-11-30,44.61,44.86,45.75,44.44,235.94,-0.56
2015-12-01,44.44,44.62,45.18,44.03,301.20,-0.38
2015-12-02,42.49,44.32,44.64,42.43,324.06,-4.39
2015-12-03,43.84,42.77,44.69,42.61,271.48,3.18
2015-12-04,43.00,43.98,44.82,42.67,345.83,-1.92
2015-12-07,40.73,43.26,43.26,40.60,272.44,-5.28
2015-12-08,40.26,40.82,41.45,39.81,328.38,-1.15
2015-12-09,40.11,40.63,41.59,39.57,284.65,-0.37
2015-12-10,39.73,40.44,40.70,39.46,188.99,-0.95
2015-12-11,37.93,39.55,39.74,37.36,167.31,-4.53
2015-12-14,37.92,37.85,38.43,36.33,115.12,-0.03
2015-12-15,38.45,37.89,39.41,37.55,73.70,1.40
2015-12-16,37.19,38.09,38.45,37.11,18.23,-3.28
2015-12-17,37.06,37.60,37.93,36.75,200.85,-0.35
2015-12-18,36.88,36.81,37.73,36.41,218.04,-0.49
2015-12-21,36.35,36.55,36.75,36.04,175.12,-1.44
2015-12-22,36.11,36.36,36.72,35.98,166.30,-0.66
2015-12-23,37.36,36.37,37.88,36.28,196.98,3.46
2015-12-24,37.89,37.77,38.10,36.91,111.02,1.42
2015-12-28,36.62,37.84,37.95,36.41,84.34,-3.35
2015-12-29,37.79,36.59,37.98,36.56,171.68,3.19
2015-12-30,36.46,37.29,37.55,36.35,173.51,-3.52
2015-12-31,37.28,36.57,37.95,36.10,149.60,2.25
2016-01-04,37.22,37.85,38.99,36.77,321.84,-0.16
2016-01-05,36.42,37.27,37.57,36.24,275.47,-2.15
2016-01-06,34.23,36.64,36.67,34.13,296.86,-6.01
2016-01-07,33.75,34.52,34.74,32.16,291.51,-1.40
2016-01-08,33.55,34.02,34.72,32.78,206.97,-0.59
2016-01-11,31.55,33.34,33.38,31.17,202.06,-5.96
2016-01-12,30.86,31.54,32.38,30.34,142.53,-2.19
2016-01-13,30.31,30.82,31.92,29.96,91.96,-1.78
2016-01-14,31.03,30.26,31.23,29.73,16.39,2.38
2016-01-15,28.94,31.00,31.02,28.82,344.46,-6.74
2016-01-18,28.55,28.73,29.58,27.67,211.26,-1.35
2016-01-19,28.76,28.70,30.24,28.60,419.48,0.74
2016-01-20,27.88,28.66,28.75,27.10,375.40,-3.06
2016-01-21,29.25,27.99,29.84,27.29,394.26,4.91
2016-01-22,32.18,29.62,32.30,29.29,407.78,10.02
2016-01-25,30.50,32.10,32.81,30.00,310.14,-5.22
2016-01-26,31.80,30.01,32.72,29.27,335.09,4.26
2016-01-27,33.10,31.20,33.49,30.83,257.11,4.09
2016-01-28,33.89,32.84,35.84,32.56,195.14,2.39
2016-01-29,34.74,34.08,35.00,33.59,29.66,2.51
2016-02-01,34.24,35.85,36.25,33.92,331.87,-1.44
2016-02-02,32.72,34.18,34.18,32.23,346.89,-4.44
2016-02-03,35.04,32.41,35.53,32.30,396.58,7.09
2016-02-04,34.46,35.32,35.84,34.15,323.93,-1.66
2016-02-05,34.06,34.39,35.14,33.81,296.57,-1.16
2016-02-08,32.88,33.99,34.68,32.77,211.55,-3.46
2016-02-09,30.32,33.17,33.56,30.28,305.77,-7.79
2016-02-10,30.84,30.95,31.90,30.35,332.99,1.72
2016-02-11,30.06,30.83,31.35,29.92,347.59,-2.53
2016-02-12,33.36,31.31,33.44,30.85,394.48,10.98
2016-02-15,33.39,32.77,34.09,32.67,160.51,0.09
2016-02-16,32.18,34.51,35.55,31.92,398.49,-3.62
2016-02-17,34.50,32.54,34.99,31.82,355.92,7.21
2016-02-18,34.28,34.91,35.73,33.79,324.10,-0.64
2016-02-19,33.01,33.88,34.46,32.68,287.09,-3.70
2016-02-22,34.69,33.25,34.97,32.85,233.33,5.09
2016-02-23,33.27,34.54,35.11,32.90,348.08,-4.09
2016-02-24,34.41,32.98,34.67,32.37,344.00,3.43
2016-02-25,35.29,34.39,35.74,33.29,210.57,2.56
2016-02-26,35.10,35.10,37.00,34.73,126.42,-0.54
2016-02-29,35.97,35.10,36.23,34.83,30.24,2.48
2016-03-01,36.81,36.60,37.25,35.95,276.26,2.34
2016-03-02,36.93,36.62,37.40,36.10,278.17,0.33
2016-03-03,37.07,37.05,37.37,36.35,256.49,0.38
2016-03-04,38.72,37.04,38.95,36.82,295.79,4.45
2016-03-07,40.84,38.88,41.04,38.87,341.91,5.48
2016-03-08,39.65,40.71,41.48,39.31,352.25,-2.91
2016-03-09,41.07,39.65,41.18,39.39,333.49,3.58
2016-03-10,40.05,40.89,41.01,39.63,287.78,-2.48
2016-03-11,40.39,40.33,41.03,40.02,276.65,0.85
2016-03-14,39.53,40.25,40.65,38.82,264.71,-2.13
2016-03-15,38.74,39.67,39.74,38.32,224.36,-2.00
2016-03-16,40.33,39.14,40.44,38.83,263.87,4.10
2016-03-17,41.54,40.45,41.60,40.41,249.23,3.00
2016-03-18,41.20,41.38,42.54,41.07,286.65,-0.82
2016-03-21,41.54,41.31,41.88,40.48,234.10,0.83
2016-03-22,41.79,41.47,42.08,40.97,268.21,0.60
2016-03-23,40.47,41.56,41.82,40.42,240.91,-3.16
2016-03-24,40.44,40.40,40.64,39.22,203.28,-0.07
2016-03-28,40.27,40.58,41.00,39.64,78.61,-0.42
2016-03-29,39.14,40.19,40.25,38.76,149.53,-2.81
2016-03-30,39.26,39.42,40.61,39.09,103.12,0.31
2016-03-31,39.60,39.12,40.00,38.74,27.80,0.87
2016-04-01,38.67,40.14,40.43,38.55,286.17,-2.35
2016-04-04,37.69,38.69,38.92,37.50,286.65,-2.53
2016-04-05,37.87,37.50,38.44,37.27,296.45,0.48
2016-04-06,39.84,38.40,39.94,38.34,323.37,5.20
2016-04-07,39.43,39.90,40.29,38.70,308.72,-1.03
2016-04-08,41.94,39.68,42.01,39.62,340.22,6.37
2016-04-11,42.83,42.00,43.06,41.41,279.92,2.12
2016-04-12,44.69,42.70,44.81,42.56,357.35,4.34
2016-04-13,44.18,44.44,44.94,43.76,348.59,-1.14
2016-04-14,43.84,44.01,44.62,43.29,234.37,-0.77
2016-04-15,43.10,43.80,44.05,42.28,285.17,-1.69
2016-04-18,42.91,41.80,43.43,40.10,383.37,-0.44
2016-04-19,44.03,43.14,44.50,42.60,355.95,2.61
2016-04-20,45.80,43.52,45.88,42.81,297.26,4.02
2016-04-21,44.53,45.54,46.18,44.44,312.60,-2.77
2016-04-22,45.11,44.75,45.90,44.30,272.85,1.30
2016-04-25,44.48,45.13,45.59,44.26,211.68,-1.40
2016-04-26,45.74,44.69,46.49,44.36,199.24,2.83
2016-04-27,47.18,46.26,47.45,45.63,150.79,3.15
2016-04-28,48.14,47.10,48.19,46.74,113.08,2.03
2016-04-29,48.13,47.90,48.50,47.41,29.52,-0.02
2016-05-02,45.83,47.37,47.40,45.72,168.09,-4.78
2016-05-03,44.97,45.80,46.40,44.62,276.40,-1.88
2016-05-04,44.62,45.21,46.01,44.19,293.82,-0.78
2016-05-05,45.01,45.08,46.77,44.65,280.79,0.87
2016-05-06,45.37,45.16,46.12,44.19,283.65,0.80
2016-05-09,43.63,45.75,46.48,43.43,364.58,-3.84
2016-05-10,45.52,43.49,45.70,43.33,343.21,4.33
2016-05-11,47.60,45.59,47.75,44.80,381.74,4.57
2016-05-12,48.08,47.32,48.19,46.80,353.85,1.01
2016-05-13,47.83,47.85,48.12,47.26,239.05,-0.52
2016-05-16,48.97,47.80,49.47,47.77,294.38,2.38
2016-05-17,49.28,49.03,49.75,48.57,262.32,0.63
2016-05-18,48.93,49.36,49.85,48.45,319.81,-0.71
2016-05-19,48.81,48.67,48.88,47.38,302.10,-0.25
2016-05-20,48.72,48.90,49.39,48.07,255.58,-0.18
2016-05-23,48.35,48.72,48.84,47.58,225.09,-0.76
2016-05-24,48.61,48.35,49.24,47.80,211.58,0.54
2016-05-25,49.74,49.16,49.96,48.91,237.79,2.32
2016-05-26,49.59,49.76,50.51,49.25,221.26,-0.30
2016-05-27,49.32,49.42,49.55,48.69,130.18,-0.54
2016-05-30,49.76,49.43,49.83,48.92,23.09,0.89
2016-05-31,49.69,49.70,50.05,49.23,28.69,-0.14
2016-06-01,49.72,49.65,50.00,48.65,266.00,0.06
2016-06-02,50.04,49.63,50.30,48.84,270.12,0.64
2016-06-03,49.64,49.95,50.33,49.30,227.82,-0.80
2016-06-06,50.55,49.83,50.83,49.72,223.76,1.83
2016-06-07,51.44,50.46,51.54,50.28,208.82,1.76
2016-06-08,52.51,51.41,52.80,51.32,260.75,2.08
2016-06-09,51.95,52.74,52.86,51.53,213.12,-1.07
2016-06-10,50.54,51.91,52.10,50.33,210.06,-2.71
2016-06-13,50.35,50.42,50.79,49.61,208.81,-0.38
2016-06-14,49.83,49.89,50.05,49.20,224.01,-1.03
2016-06-15,48.97,49.22,49.80,48.39,298.84,-1.73
2016-06-16,47.19,48.56,48.77,46.94,287.30,-3.63
2016-06-17,49.17,47.28,49.40,47.25,222.73,4.20
2016-06-20,50.65,49.42,50.68,49.24,244.41,3.01
2016-06-21,50.62,50.43,51.10,49.46,256.95,-0.06
2016-06-22,49.88,51.06,51.24,49.18,282.72,-1.46
2016-06-23,50.91,50.14,51.18,49.89,246.95,2.06
2016-06-24,48.41,50.69,50.74,47.54,351.74,-4.91
2016-06-27,47.16,48.43,48.90,46.69,243.26,-2.58
2016-06-28,48.58,47.61,48.79,47.47,173.18,3.01
2016-06-29,50.61,48.84,50.74,48.62,112.96,4.18
2016-06-30,49.68,50.21,50.28,49.47,25.41,-1.84
2016-07-01,50.35,49.90,50.66,49.25,248.69,1.35
2016-07-04,50.10,50.60,50.75,50.03,113.45,-0.50
2016-07-05,47.96,50.03,50.05,47.54,305.74,-4.27
2016-07-06,48.80,48.06,49.31,47.17,279.12,1.75
2016-07-07,46.40,49.12,49.59,46.15,328.10,-4.92
2016-07-08,46.76,46.60,47.23,46.15,237.28,0.78
2016-07-11,46.25,46.49,47.10,45.90,229.28,-1.09
2016-07-12,48.47,46.17,48.57,46.09,321.53,4.80
2016-07-13,46.26,48.13,48.20,46.09,299.80,-4.56
2016-07-14,47.37,46.59,47.47,46.34,289.40,2.40
2016-07-15,47.61,47.03,48.25,46.65,260.43,0.51
2016-07-18,46.96,47.92,47.95,46.50,230.50,-1.37
2016-07-19,46.66,46.93,47.49,46.53,214.36,-0.64
2016-07-20,47.17,46.76,47.49,45.90,296.30,1.09
2016-07-21,46.20,47.17,47.56,46.05,237.48,-2.06
2016-07-22,45.69,46.21,46.50,45.17,243.49,-1.10
2016-07-25,44.72,45.70,45.87,44.55,188.81,-2.12
2016-07-26,44.87,44.82,44.96,44.14,240.33,0.34
2016-07-27,43.47,44.55,44.91,43.27,194.57,-3.12
2016-07-28,42.70,43.53,43.72,42.56,110.09,-1.77
2016-07-29,42.46,42.61,42.83,41.80,21.54,-0.56
2016-08-01,42.14,43.11,43.85,41.87,234.77,-0.75
2016-08-02,41.80,42.23,43.18,41.51,262.56,-0.81
2016-08-03,43.10,41.94,43.47,41.56,320.44,3.11
2016-08-04,44.29,43.36,44.34,42.51,276.42,2.76
2016-08-05,44.27,44.18,44.49,43.51,236.87,-0.05
2016-08-08,45.39,44.34,45.71,44.24,221.51,2.53
2016-08-09,44.98,45.25,45.77,44.76,216.22,-0.90
2016-08-10,44.05,44.92,45.68,43.81,284.86,-2.07
2016-08-11,46.04,43.78,46.30,43.46,335.53,4.52
2016-08-12,46.97,46.18,47.25,45.74,258.00,2.02
2016-08-15,48.35,47.14,48.54,46.84,234.40,2.94
2016-08-16,49.23,48.22,49.36,47.90,331.86,1.82
2016-08-17,49.85,48.88,49.93,48.55,377.40,1.26
2016-08-18,50.89,49.76,51.05,49.52,268.83,2.09
2016-08-19,50.88,50.96,51.22,50.32,252.34,-0.02
2016-08-22,49.16,50.70,50.70,49.07,270.37,-3.38
2016-08-23,49.96,49.04,50.21,48.48,314.18,1.63
2016-08-24,49.05,49.57,49.87,48.68,280.92,-1.82
2016-08-25,49.67,49.03,49.78,48.70,217.13,1.26
2016-08-26,49.92,49.66,50.76,49.12,209.62,0.50
2016-08-29,49.26,49.54,49.60,48.97,65.67,-1.32
2016-08-30,48.37,49.25,49.76,48.23,124.52,-1.81
2016-08-31,47.04,48.29,48.42,46.96,20.61,-2.75
2016-09-01,45.45,46.98,47.24,45.32,290.04,-3.38
2016-09-02,46.83,45.79,47.02,45.41,279.34,3.04
2016-09-05,47.63,46.70,49.40,46.40,287.95,1.71
2016-09-06,47.26,47.43,47.99,46.29,215.06,-0.78
2016-09-07,47.98,47.20,48.56,46.97,224.23,1.52
2016-09-08,49.99,48.55,50.14,48.21,327.24,4.19
2016-09-09,48.01,49.63,49.70,47.76,262.15,-3.96
2016-09-12,48.32,47.81,48.63,46.90,258.76,0.65
2016-09-13,47.10,48.17,48.22,46.96,280.02,-2.52
2016-09-14,45.85,47.33,47.48,45.70,332.96,-2.65
2016-09-15,46.59,46.06,47.00,45.67,320.72,1.61
2016-09-16,45.77,46.31,46.41,45.48,226.32,-1.76
2016-09-19,45.95,46.01,46.93,45.85,209.91,0.39
2016-09-20,45.88,45.91,46.30,45.09,298.80,-0.15
2016-09-21,46.83,46.45,47.14,46.38,249.08,2.07
2016-09-22,47.65,46.99,47.83,46.99,290.33,1.75
2016-09-23,45.89,47.42,48.26,45.65,306.86,-3.69
2016-09-26,47.35,46.05,47.66,45.74,208.15,3.18
2016-09-27,45.97,47.06,47.28,45.63,241.18,-2.91
2016-09-28,48.69,46.14,48.96,45.70,188.67,5.92
2016-09-29,49.24,48.87,49.81,47.99,114.83,1.13
2016-09-30,49.06,49.18,49.25,48.21,26.94,-0.37
2016-10-03,50.89,50.02,51.14,49.74,284.26,3.73
2016-10-04,50.87,50.93,51.55,50.34,269.27,-0.04
2016-10-05,51.86,51.22,52.09,51.22,302.09,1.95
2016-10-06,52.51,51.76,52.75,51.32,293.87,1.25
2016-10-07,51.93,52.72,52.84,51.33,310.02,-1.10
2016-10-10,53.14,51.63,53.73,51.30,334.27,2.33
2016-10-11,52.41,53.11,53.32,52.12,373.85,-1.37
2016-10-12,51.81,52.48,52.87,51.61,254.73,-1.14
2016-10-13,52.03,51.60,52.15,50.92,310.65,0.42
2016-10-14,51.95,52.06,52.55,51.50,248.44,-0.15
2016-10-17,51.52,51.93,52.29,51.16,247.03,-0.83
2016-10-18,51.68,51.72,52.15,51.25,274.17,0.31
2016-10-19,52.67,52.13,53.14,52.09,292.95,1.92
2016-10-20,51.38,52.60,52.72,51.17,279.31,-2.45
2016-10-21,51.78,51.40,51.94,51.12,249.16,0.78
2016-10-24,51.46,51.89,52.01,50.50,277.24,-0.62
2016-10-25,50.79,51.44,51.83,50.22,237.73,-1.30
2016-10-26,49.98,50.26,50.69,49.65,304.52,-1.59
2016-10-27,50.47,50.05,50.90,49.83,138.09,0.98
2016-10-28,49.71,50.41,50.58,49.31,94.84,-1.51
2016-10-31,48.30,49.41,49.72,47.98,32.21,-2.84
2016-11-01,48.14,48.72,49.26,47.72,462.80,-0.33
2016-11-02,46.86,47.90,48.02,46.46,366.82,-2.66
2016-11-03,46.35,47.15,47.52,45.99,283.66,-1.09
2016-11-04,45.58,46.43,46.56,45.08,384.56,-1.66
2016-11-07,46.15,45.70,46.38,45.38,276.17,1.25
2016-11-08,46.04,46.30,46.69,45.60,320.98,-0.24
2016-11-09,46.36,46.04,46.95,44.40,448.12,0.70
2016-11-10,45.84,46.36,46.92,45.56,302.45,-1.12
2016-11-11,44.75,45.80,45.89,44.19,286.71,-2.38
2016-11-14,44.43,44.54,44.99,43.57,260.15,-0.72
2016-11-15,46.95,44.70,47.25,44.67,354.27,5.67
2016-11-16,46.63,46.88,47.56,46.25,335.48,-0.68
2016-11-17,46.49,46.44,47.62,45.97,280.94,-0.30
2016-11-18,46.86,46.05,46.99,45.75,249.34,0.80
2016-11-21,48.90,46.92,49.15,46.92,282.70,4.35
2016-11-22,49.12,49.25,49.96,48.14,436.93,0.45
2016-11-23,48.95,49.20,49.50,48.56,275.29,-0.35
2016-11-24,49.00,49.03,49.21,48.76,71.19,0.10
2016-11-25,47.24,48.96,49.02,46.85,181.17,-3.59
2016-11-28,48.24,46.71,48.81,46.28,207.96,2.12
2016-11-29,46.38,48.07,48.10,45.92,133.11,-3.86
2016-11-30,50.47,46.54,50.49,46.51,43.12,8.82
2016-12-01,53.94,51.72,54.53,51.51,460.86,6.88
2016-12-02,54.46,53.88,54.50,52.84,312.78,0.96
2016-12-05,54.94,54.40,55.33,53.77,288.55,0.88
2016-12-06,53.93,54.50,54.94,53.51,280.65,-1.84
2016-12-07,53.00,53.94,54.23,52.92,298.57,-1.72
2016-12-08,53.89,53.15,54.05,52.81,334.18,1.68
2016-12-09,54.33,53.97,54.46,53.77,264.80,0.82
2016-12-12,55.69,55.88,57.89,55.11,372.17,2.50
2016-12-13,55.72,55.70,56.44,55.13,283.43,0.05
2016-12-14,53.90,55.16,55.81,53.52,353.97,-3.27
2016-12-15,54.02,53.76,54.50,53.15,266.15,0.22
2016-12-16,55.21,54.11,55.38,53.71,229.19,2.20
2016-12-19,54.92,55.40,55.80,54.69,228.39,-0.53
2016-12-20,55.35,55.02,55.92,54.75,257.02,0.78
2016-12-21,54.46,55.52,55.87,54.32,277.73,-1.61
2016-12-22,55.05,54.55,55.23,54.05,194.66,1.08
2016-12-23,55.16,54.84,55.25,54.26,104.09,0.20
2016-12-27,56.09,55.18,57.15,55.04,67.84,1.69
2016-12-28,56.22,56.06,56.56,55.89,109.91,0.23
2016-12-29,56.14,56.01,56.63,55.91,49.08,-0.14
2016-12-30,56.82,57.00,57.20,56.46,129.10,1.21
2017-01-03,55.47,57.05,58.37,55.30,340.82,-2.38
2017-01-04,56.46,55.73,56.55,55.33,282.55,1.78
2017-01-05,56.89,56.35,57.35,56.01,269.61,0.76
2017-01-06,57.10,56.88,57.47,56.28,234.87,0.37
2017-01-09,54.94,56.81,57.00,54.74,266.39,-3.78
2017-01-10,53.64,54.95,55.36,53.58,332.98,-2.37
2017-01-11,55.10,53.80,55.67,53.70,419.90,2.72
2017-01-12,56.01,55.19,56.43,55.01,331.63,1.65
2017-01-13,55.45,56.00,56.21,55.28,247.09,-1.00
2017-01-16,55.86,55.64,55.92,55.19,112.58,0.74
2017-01-17,55.47,55.74,56.95,55.40,335.73,-0.70
2017-01-18,53.92,55.48,55.90,53.77,360.15,-2.79
2017-01-19,54.16,54.29,54.77,53.90,346.87,0.45
2017-01-20,55.49,54.33,55.80,54.18,293.54,2.46
2017-01-23,55.23,55.70,55.75,54.65,305.85,-0.47
2017-01-24,55.44,55.42,55.87,55.07,254.89,0.38
2017-01-25,55.08,55.24,55.65,54.75,275.73,-0.65
2017-01-26,56.24,55.39,56.55,55.21,265.72,2.11
2017-01-27,55.52,56.09,56.50,54.86,142.07,-1.28
2017-01-30,55.23,55.47,55.70,54.97,104.90,-0.52
2017-01-31,55.70,55.25,56.00,54.90,28.80,0.85
2017-02-01,56.80,55.55,56.83,55.36,301.24,1.97
2017-02-02,56.56,56.53,57.45,56.33,297.35,-0.42
2017-02-03,56.81,56.92,57.30,56.39,264.76,0.44
2017-02-06,55.72,56.85,57.13,55.65,252.70,-1.92
2017-02-07,55.05,55.91,55.98,54.58,317.18,-1.20
2017-02-08,55.12,54.50,55.68,54.44,409.83,0.13
2017-02-09,55.63,55.30,55.92,55.23,263.40,0.93
2017-02-10,56.70,55.66,56.88,55.59,284.71,1.92
2017-02-13,55.59,56.68,56.81,55.41,234.31,-1.96
2017-02-14,55.97,55.75,56.46,55.53,254.98,0.68
2017-02-15,55.75,55.82,56.25,55.56,272.52,-0.39
2017-02-16,55.65,55.74,56.24,55.13,310.84,-0.18
2017-02-17,55.81,55.73,55.88,55.10,270.49,0.29
2017-02-20,56.18,55.90,56.42,55.70,209.63,0.66
2017-02-21,56.66,56.17,57.31,56.10,335.44,0.85
2017-02-22,55.84,56.74,57.01,55.64,245.16,-1.45
2017-02-23,56.58,56.20,57.26,56.18,223.59,1.33
2017-02-24,55.99,56.40,56.66,55.74,164.96,-1.04
2017-02-27,55.93,55.96,56.77,55.86,139.29,-0.11
2017-02-28,55.59,56.02,56.15,55.23,28.35,-0.61
2017-03-01,56.36,56.45,57.05,56.24,261.74,1.39
2017-03-02,55.08,56.31,56.44,55.03,350.12,-2.27
2017-03-03,55.90,55.18,55.95,55.09,248.71,1.49
2017-03-06,56.01,55.80,56.25,55.32,224.20,0.20
2017-03-07,55.92,55.95,56.65,55.56,269.52,-0.16
2017-03-08,53.11,55.63,55.77,52.93,444.13,-5.03
2017-03-09,52.19,53.49,53.86,51.50,504.12,-1.73
2017-03-10,51.37,52.33,53.02,51.14,351.34,-1.57
2017-03-13,51.35,51.49,51.70,50.85,276.76,-0.04
2017-03-14,50.92,51.34,51.86,50.25,411.63,-0.84
2017-03-15,51.81,51.50,52.15,51.36,327.90,1.75
2017-03-16,51.74,52.08,52.65,51.50,281.53,-0.14
2017-03-17,51.76,51.74,52.18,51.53,220.35,0.04
2017-03-20,51.62,51.80,51.94,51.01,239.25,-0.27
2017-03-21,50.96,51.70,52.22,50.73,291.71,-1.28
2017-03-22,50.64,50.86,50.98,49.71,327.91,-0.63
2017-03-23,50.56,50.83,51.10,50.25,320.21,-0.16
2017-03-24,50.80,50.64,51.06,50.40,215.34,0.47
2017-03-27,50.75,51.03,51.10,50.03,195.52,-0.10
2017-03-28,51.33,50.77,51.87,50.77,186.41,1.14
2017-03-29,52.42,51.43,52.48,51.36,140.44,2.12
2017-03-30,52.96,52.39,53.10,52.03,128.55,1.03
2017-03-31,52.83,52.83,53.45,52.35,27.46,-0.25
2017-04-03,53.12,53.62,53.74,53.03,241.75,0.55
2017-04-04,54.17,53.18,54.38,52.73,302.11,1.98
2017-04-05,54.36,54.22,55.09,53.97,353.02,0.35
2017-04-06,54.89,54.13,55.00,54.02,239.47,0.97
2017-04-07,55.24,54.88,56.08,54.57,317.78,0.64
2017-04-10,55.98,55.19,56.05,55.19,298.90,1.34
2017-04-11,56.23,56.08,56.30,55.45,340.42,0.45
2017-04-12,55.86,56.28,56.65,55.50,373.53,-0.66
2017-04-13,55.89,55.66,56.06,55.56,325.31,0.05
2017-04-17,55.36,55.55,55.98,55.29,158.97,-0.95
2017-04-18,54.89,55.39,55.48,54.61,373.10,-0.85
2017-04-19,52.93,54.78,55.20,52.58,435.41,-3.57
2017-04-20,52.99,53.09,53.55,52.68,401.85,0.11
2017-04-21,51.96,53.00,53.29,51.57,348.48,-1.94
2017-04-24,51.60,52.11,52.57,51.42,267.28,-0.69
2017-04-25,52.10,51.60,52.39,51.30,272.76,0.97
2017-04-26,51.82,51.81,52.46,51.38,206.56,-0.54
2017-04-27,51.44,51.57,51.76,50.45,187.13,-0.73
2017-04-28,51.73,51.58,52.12,51.31,23.20,0.56
2017-05-01,51.52,51.88,51.97,51.22,121.53,-0.41
2017-05-02,50.46,51.39,52.16,50.14,364.06,-2.06
2017-05-03,50.79,50.99,51.14,50.20,357.19,0.65
2017-05-04,48.38,50.59,50.73,48.16,541.58,-4.75
2017-05-05,49.10,48.45,49.63,46.64,530.44,1.49
2017-05-08,49.34,49.27,49.92,48.48,400.72,0.49
2017-05-09,48.73,49.44,49.72,48.39,332.91,-1.24
2017-05-10,50.22,48.95,50.63,48.81,368.11,3.06
2017-05-11,50.77,50.28,51.16,50.25,315.59,1.10
2017-05-12,50.84,50.76,51.09,50.33,304.76,0.14
2017-05-15,51.82,50.89,52.63,50.74,331.42,1.93
2017-05-16,51.65,51.88,52.36,51.10,340.96,-0.33
2017-05-17,52.21,51.20,52.61,51.04,331.36,1.08
2017-05-18,52.51,52.19,52.74,51.11,363.69,0.57
2017-05-19,53.61,52.57,53.82,52.55,333.27,2.09
2017-05-22,53.87,53.85,54.37,53.66,379.12,0.48
2017-05-23,54.15,53.87,54.43,53.20,328.33,0.52
2017-05-24,53.96,54.14,54.62,53.66,351.64,-0.35
2017-05-25,51.46,54.15,54.67,51.03,464.50,-4.63
2017-05-26,52.15,51.38,52.30,50.71,265.83,1.34
2017-05-29,52.29,52.24,52.61,51.86,36.59,0.27
2017-05-30,51.84,52.25,52.35,51.19,137.21,-0.86
2017-05-31,50.31,51.92,51.92,49.81,41.68,-2.95
2017-06-01,50.63,51.17,51.45,50.23,462.92,0.64
2017-06-02,49.95,50.23,50.52,48.95,451.46,-1.34
2017-06-05,49.47,49.87,50.74,49.04,348.41,-0.96
2017-06-06,50.12,49.57,50.30,49.00,329.71,1.31
2017-06-07,48.06,49.97,50.14,47.96,461.75,-4.11
2017-06-08,47.86,48.26,48.60,47.56,445.97,-0.42
2017-06-09,48.15,47.79,48.56,47.40,285.82,0.61
2017-06-12,48.29,48.06,49.15,48.01,316.56,0.29
2017-06-13,48.72,48.32,48.82,47.87,321.28,0.89
2017-06-14,47.00,48.18,48.69,46.74,464.42,-3.53
2017-06-15,46.92,46.80,47.20,46.70,301.40,-0.17
2017-06-16,47.37,46.82,47.61,46.81,227.42,0.96
2017-06-19,46.91,47.21,47.76,46.77,261.49,-0.97
2017-06-20,46.02,46.96,47.23,45.42,343.46,-1.90
2017-06-21,44.82,45.89,46.63,44.35,389.71,-2.61
2017-06-22,45.22,44.81,45.79,44.53,346.76,0.89
2017-06-23,45.54,45.28,45.75,45.03,252.26,0.71
2017-06-26,45.83,45.63,46.24,45.04,203.22,0.64
2017-06-27,46.65,45.85,47.06,45.79,263.26,1.79
2017-06-28,47.31,46.25,47.47,46.25,162.58,1.41
2017-06-29,47.42,47.39,48.03,47.14,179.56,0.23
2017-06-30,47.92,47.46,48.12,47.46,26.18,1.05
2017-07-03,49.68,48.95,49.71,48.54,244.52,3.67
2017-07-04,49.61,49.63,49.90,49.29,129.57,-0.14
2017-07-05,47.79,49.67,49.84,47.00,372.98,-3.67
2017-07-06,48.11,48.28,49.18,47.77,308.26,0.67
2017-07-07,46.71,47.76,47.76,46.28,302.32,-2.91
2017-07-10,46.88,46.84,47.38,46.11,268.90,0.36
2017-07-11,47.52,46.99,48.21,46.29,283.39,1.37
2017-07-12,47.74,48.21,48.79,47.35,333.70,0.46
2017-07-13,48.42,47.70,48.53,47.18,262.63,1.42
2017-07-14,48.91,48.37,49.11,48.15,295.66,1.01
2017-07-17,48.42,49.14,49.26,48.31,227.42,-1.00
2017-07-18,48.84,48.40,49.41,48.24,251.50,0.87
2017-07-19,49.70,48.70,49.81,48.58,300.37,1.76
2017-07-20,49.30,49.65,50.19,49.19,315.34,-0.80
2017-07-21,48.06,49.33,49.65,47.81,338.35,-2.52
2017-07-24,48.60,47.96,48.77,47.68,287.93,1.12
2017-07-25,50.20,48.64,50.91,48.63,284.29,3.29
2017-07-26,50.97,50.63,51.06,50.07,258.95,1.53
2017-07-27,51.49,50.86,51.64,50.50,184.43,1.02
2017-07-28,52.52,51.60,52.70,51.31,159.15,2.00
2017-07-31,52.65,52.60,52.92,52.20,25.54,0.25
2017-08-01,51.78,52.70,52.93,50.88,392.64,-1.65
2017-08-02,52.36,51.38,52.43,51.18,406.42,1.12
2017-08-03,52.01,52.24,52.89,51.77,402.66,-0.67
2017-08-04,52.42,51.97,52.52,51.43,278.78,0.79
2017-08-07,52.37,52.39,52.53,51.37,260.94,-0.10
2017-08-08,52.14,52.24,52.73,51.82,235.16,-0.44
2017-08-09,52.70,51.99,52.85,51.81,265.61,1.07
2017-08-10,51.90,52.72,53.64,51.67,450.28,-1.52
2017-08-11,52.10,51.94,52.28,51.30,245.31,0.39
2017-08-14,50.73,52.02,52.38,50.55,281.57,-2.63
2017-08-15,50.80,50.65,51.15,50.02,334.16,0.14
2017-08-16,50.27,50.98,51.40,50.15,305.55,-1.04
2017-08-17,51.03,50.40,51.12,50.00,334.30,1.51
2017-08-18,52.72,50.89,52.96,50.78,317.44,3.31
2017-08-21,51.66,53.00,53.00,51.30,271.57,-2.01
2017-08-22,51.87,51.78,52.28,51.39,313.92,0.41
2017-08-23,52.57,51.68,52.63,51.45,287.20,1.35
2017-08-24,52.04,52.55,52.71,51.61,255.76,-1.01
2017-08-25,52.41,52.30,52.68,51.93,218.09,0.71
2017-08-28,51.89,52.38,52.84,51.52,141.58,-0.99
2017-08-29,52.00,52.04,52.19,51.36,139.97,0.21
2017-08-30,50.86,51.97,52.01,50.58,152.59,-2.19
2017-08-31,52.38,50.58,52.43,50.56,33.50,2.99
2017-09-01,52.75,52.84,52.95,52.24,262.20,0.71
2017-09-04,52.34,52.85,52.85,51.99,121.54,-0.78
2017-09-05,53.38,52.30,53.66,52.09,300.78,1.99
2017-09-06,54.20,53.16,54.31,53.09,322.60,1.54
2017-09-07,54.49,54.13,54.67,53.89,306.72,0.54
2017-09-08,53.78,54.54,54.87,53.57,307.45,-1.30
2017-09-11,53.84,53.82,54.14,53.04,276.43,0.11
2017-09-12,54.27,53.77,54.44,53.42,279.34,0.80
2017-09-13,55.16,54.18,55.21,54.03,291.47,1.64
2017-09-14,55.47,55.02,55.99,54.93,327.35,0.56
2017-09-15,55.62,55.29,55.85,54.86,271.07,0.27
2017-09-18,55.48,55.59,55.95,54.82,278.12,-0.25
2017-09-19,55.14,55.48,55.89,54.89,221.76,-0.61
2017-09-20,56.29,55.35,56.48,55.26,295.65,2.09
2017-09-21,56.43,56.17,56.53,55.76,251.62,0.25
2017-09-22,56.86,56.50,56.91,56.22,208.36,0.76
2017-09-25,59.02,56.87,59.25,56.70,224.94,3.80
2017-09-26,58.44,59.05,59.49,57.77,214.73,-0.98
2017-09-27,57.90,58.57,58.89,57.57,142.87,-0.92
2017-09-28,57.41,57.70,58.65,56.85,117.89,-0.85
2017-09-29,57.54,57.60,57.80,57.14,24.02,0.23
2017-10-02,56.12,56.73,56.76,55.50,352.05,-2.47
2017-10-03,56.00,56.10,56.40,55.70,275.42,-0.21
2017-10-04,55.80,55.67,56.20,55.38,330.85,-0.36
2017-10-05,57.00,55.77,57.24,55.70,379.30,2.15
2017-10-06,55.62,56.99,57.28,55.13,395.65,-2.42
2017-10-09,55.79,55.50,55.98,55.06,301.15,0.31
2017-10-10,56.61,55.78,56.91,55.73,290.34,1.47
2017-10-11,56.94,56.56,57.09,56.14,310.14,0.58
2017-10-12,56.25,56.74,56.83,55.88,339.53,-1.21
2017-10-13,57.17,56.44,57.57,56.34,332.60,1.64
2017-10-16,57.82,57.28,58.47,57.12,341.78,1.14
2017-10-17,57.88,57.78,58.35,57.18,405.22,0.10
2017-10-18,58.15,58.16,58.54,57.74,329.33,0.47
2017-10-19,57.23,58.24,58.30,57.02,430.67,-1.58
2017-10-20,57.75,57.32,57.94,56.60,369.89,0.91
2017-10-23,57.37,57.95,58.05,57.27,353.07,-0.66
2017-10-24,58.33,57.41,58.57,57.04,334.68,1.67
2017-10-25,58.44,58.44,58.74,57.85,260.55,0.19
2017-10-26,59.30,58.42,59.55,58.05,232.28,1.47
2017-10-27,60.44,59.37,60.65,58.82,209.89,1.92
2017-10-30,60.90,60.66,61.00,60.14,168.54,0.76
2017-10-31,61.37,60.86,61.41,60.53,29.12,0.77
2017-11-01,60.49,61.07,61.70,60.00,337.76,-1.43
2017-11-02,60.62,60.50,60.86,60.02,289.30,0.21
2017-11-03,62.07,60.88,62.23,60.60,272.74,2.39
2017-11-06,64.27,62.27,64.44,62.08,356.99,3.54
2017-11-07,63.69,64.12,64.65,63.50,389.46,-0.90
2017-11-08,63.49,63.69,64.64,62.95,418.07,-0.31
2017-11-09,63.93,63.52,64.25,63.26,319.86,0.69
2017-11-10,63.52,63.80,64.27,63.35,307.97,-0.64
2017-11-13,63.16,63.68,63.77,62.61,335.15,-0.57
2017-11-14,62.21,63.06,63.17,61.21,418.94,-1.50
2017-11-15,61.87,61.55,62.13,61.30,279.41,-0.55
2017-11-16,61.36,61.88,62.15,61.25,314.06,-0.82
2017-11-17,62.72,61.41,62.92,61.08,356.74,2.22
2017-11-20,62.22,62.80,62.80,61.44,283.48,-0.80
2017-11-21,62.57,62.10,62.87,62.07,338.16,0.56
2017-11-22,63.32,62.78,63.43,62.62,322.87,1.20
2017-11-23,63.55,63.24,63.57,62.88,113.08,0.36
2017-11-24,63.86,63.35,63.95,63.28,152.70,0.49
2017-11-27,63.84,63.80,63.99,63.10,249.09,-0.03
2017-11-28,63.61,63.78,63.89,63.10,186.93,-0.36
2017-11-29,63.11,63.30,64.07,62.50,178.20,-0.79
2017-11-30,63.57,63.28,64.21,63.21,26.21,0.73
2017-12-01,63.73,62.74,64.32,62.59,308.15,0.25
2017-12-04,62.45,63.50,63.68,62.31,250.52,-2.01
2017-12-05,62.86,62.45,63.15,62.12,219.34,0.66
2017-12-06,61.22,62.64,62.93,61.13,314.26,-2.61
2017-12-07,62.20,61.30,62.26,61.15,238.96,1.60
2017-12-08,63.40,62.08,63.64,62.01,362.43,1.93
2017-12-11,64.69,63.29,64.93,62.99,488.01,2.03
2017-12-12,63.34,64.66,65.83,63.07,508.99,-2.09
2017-12-13,62.44,63.80,64.32,62.36,354.37,-1.42
2017-12-14,63.31,62.81,63.50,62.01,277.67,1.39
2017-12-15,63.23,63.39,63.68,63.08,213.00,-0.13
2017-12-18,63.41,63.36,63.91,63.00,234.62,0.28
2017-12-19,63.80,63.41,63.91,63.30,213.19,0.62
2017-12-20,64.56,63.83,64.60,63.67,222.73,1.19
2017-12-21,64.90,64.49,64.93,64.20,155.42,0.53
2017-12-22,65.25,64.63,65.28,64.38,110.42,0.54
2017-12-26,67.02,65.20,67.10,65.00,74.25,2.71
2017-12-27,66.44,66.76,66.94,66.03,122.43,-0.87
2017-12-28,66.72,66.43,66.85,66.23,35.09,0.42
2017-12-29,66.87,66.15,66.98,66.15,157.95,0.22
2018-01-02,66.57,66.55,67.29,66.24,211.74,-0.45
2018-01-03,67.84,66.54,68.03,66.40,260.86,1.91
2018-01-04,68.07,67.89,68.27,67.62,246.15,0.34
2018-01-05,67.62,67.97,68.11,67.26,183.45,-0.66
2018-01-08,67.78,67.80,67.99,67.44,210.35,0.24
2018-01-09,68.82,68.00,69.29,67.70,319.92,1.53
2018-01-10,69.20,69.12,69.37,68.75,290.54,0.55
2018-01-11,69.26,69.15,70.05,69.00,341.94,0.09
2018-01-12,69.87,69.15,69.93,68.59,302.10,0.88
2018-01-15,70.26,69.88,70.37,69.55,173.46,0.56
2018-01-16,69.15,70.05,70.13,68.83,322.95,-1.58
2018-01-17,69.38,69.35,69.59,68.55,280.42,0.33
2018-01-18,69.31,69.53,69.63,68.80,270.23,-0.10
2018-01-19,68.61,69.01,69.08,68.28,278.36,-1.01
2018-01-22,69.03,68.80,69.51,68.39,250.60,0.61
2018-01-23,69.96,69.17,70.24,69.12,343.73,1.35
2018-01-24,70.53,69.97,70.94,69.54,308.37,0.81
2018-01-25,70.42,70.95,71.28,69.97,301.93,-0.16
2018-01-26,70.52,70.07,70.83,70.05,227.60,0.14
2018-01-29,69.46,70.47,70.64,69.07,202.24,-1.50
2018-01-30,69.02,69.30,69.39,68.40,135.87,-0.63
2018-01-31,69.05,68.43,69.15,68.33,20.43,0.04
2018-02-01,69.65,69.00,69.97,68.81,336.92,0.87
2018-02-02,68.58,70.00,70.02,67.96,307.13,-1.54
2018-02-05,67.62,68.15,68.46,66.90,335.64,-1.40
2018-02-06,66.86,67.02,67.60,66.53,328.85,-1.12
2018-02-07,65.51,67.20,67.72,65.16,567.76,-2.02
2018-02-08,64.81,65.28,65.60,64.10,346.32,-1.07
2018-02-09,62.79,64.44,64.64,61.77,399.50,-3.12
2018-02-12,62.59,62.50,64.40,62.50,349.67,-0.32
2018-02-13,62.72,62.85,63.10,61.76,367.26,0.21
2018-02-14,64.36,62.84,64.58,61.95,349.10,2.61
2018-02-15,64.33,64.44,65.15,63.12,292.91,-0.05
2018-02-16,64.84,64.66,65.22,64.19,239.58,0.79
2018-02-19,65.67,64.96,65.90,64.84,125.63,1.28
2018-02-20,65.25,65.64,65.81,64.78,289.17,-0.64
2018-02-21,65.42,65.05,65.53,64.40,245.87,0.26
2018-02-22,66.39,64.91,66.56,64.62,253.00,1.48
2018-02-23,67.31,66.30,67.37,65.79,201.72,1.39
2018-02-26,67.50,67.29,67.90,66.72,188.30,0.28
2018-02-27,66.63,67.57,67.61,66.32,106.34,-1.29
2018-02-28,65.78,66.41,66.87,65.43,27.39,-1.28
2018-03-01,63.83,64.57,65.04,63.19,340.97,-2.96
2018-03-02,64.37,64.07,64.64,63.20,266.38,0.85
2018-03-05,65.54,64.65,65.88,64.10,261.06,1.82
2018-03-06,65.79,65.74,66.16,65.30,199.79,0.38
2018-03-07,64.34,65.23,65.80,63.83,332.91,-2.20
2018-03-08,63.61,64.51,64.56,63.43,294.79,-1.13
2018-03-09,65.49,63.93,65.63,63.69,286.49,2.96
2018-03-12,64.95,65.50,65.86,64.18,240.03,-0.82
2018-03-13,64.64,64.92,65.68,64.05,320.57,-0.48
2018-03-14,64.89,64.73,65.21,64.06,267.59,0.39
2018-03-15,65.12,64.90,65.38,64.61,208.59,0.35
2018-03-16,66.21,65.07,66.42,64.88,264.21,1.67
2018-03-19,66.05,66.01,66.39,65.39,272.42,-0.24
2018-03-20,67.42,66.15,67.88,66.15,326.47,2.07
2018-03-21,69.47,67.61,69.86,67.48,401.05,3.04
2018-03-22,68.91,69.63,69.70,68.58,286.63,-0.81
2018-03-23,70.45,69.11,70.57,68.87,283.01,2.23
2018-03-26,70.12,70.43,71.05,69.67,183.69,-0.47
2018-03-27,70.11,70.13,71.03,69.45,131.39,-0.01
2018-03-28,69.53,69.72,70.25,68.78,141.89,-0.83
2018-03-29,70.27,69.86,70.44,69.10,25.29,1.06
2018-04-02,67.64,69.32,70.04,67.49,190.05,-3.74
2018-04-03,68.12,67.63,68.46,67.62,232.26,0.71
2018-04-04,68.02,68.15,68.28,66.69,361.48,-0.15
2018-04-05,68.33,68.36,68.93,67.73,270.82,0.46
2018-04-06,67.11,68.09,68.62,66.86,296.09,-1.79
2018-04-09,68.65,67.10,68.80,67.00,257.50,2.29
2018-04-10,71.04,68.46,71.34,68.46,452.34,3.48
2018-04-11,72.06,71.03,73.09,70.57,495.41,1.44
2018-04-12,72.02,72.09,72.49,71.10,330.21,-0.06
2018-04-13,72.58,71.94,72.88,71.56,328.50,0.78
2018-04-16,71.42,72.70,72.85,71.11,297.44,-1.60
2018-04-17,71.58,71.65,71.89,70.83,315.04,0.22
2018-04-18,73.48,71.72,73.93,71.66,352.65,2.65
2018-04-19,73.78,73.72,74.75,73.46,393.96,0.41
2018-04-20,74.06,73.94,74.20,72.83,371.90,0.38
2018-04-23,74.71,73.77,75.10,73.13,317.45,0.88
2018-04-24,73.86,75.09,75.47,73.68,330.60,-1.14
2018-04-25,74.00,74.00,74.19,73.17,275.13,0.19
2018-04-26,74.74,74.23,74.97,74.11,179.48,1.00
2018-04-27,74.64,74.72,75.03,74.35,156.53,-0.13
2018-04-30,75.17,74.62,75.41,73.47,24.76,0.71
2018-05-01,73.13,74.65,74.98,72.74,360.97,-2.71
2018-05-02,73.36,73.28,73.63,72.38,347.06,0.31
2018-05-03,73.62,73.07,74.09,72.47,382.14,0.35
2018-05-04,74.87,73.74,75.08,73.24,289.86,1.70
2018-05-07,76.17,75.00,76.34,74.83,230.47,1.74
2018-05-08,74.85,75.60,76.18,73.10,519.80,-1.73
2018-05-09,77.21,76.19,77.43,76.08,364.75,3.15
2018-05-10,77.47,77.44,78.00,76.51,314.19,0.34
2018-05-11,77.12,77.55,77.60,76.95,261.80,-0.45
2018-05-14,78.23,77.05,78.53,76.55,290.13,1.44
2018-05-15,78.43,78.42,79.47,77.90,390.92,0.26
2018-05-16,79.28,78.10,79.35,77.61,336.57,1.08
2018-05-17,79.30,79.26,80.50,79.12,330.17,0.03
2018-05-18,78.51,79.46,79.87,78.33,277.28,-1.00
2018-05-21,79.22,78.61,79.59,78.10,245.77,0.90
2018-05-22,79.57,79.36,80.49,79.16,305.31,0.44
2018-05-23,79.80,79.47,79.85,78.21,292.97,0.29
2018-05-24,78.79,79.65,79.78,78.57,228.58,-1.27
2018-05-25,76.44,78.82,78.88,76.01,275.72,-2.98
2018-05-28,75.30,76.11,76.17,74.49,65.10,-1.49
2018-05-29,75.39,75.82,76.20,74.54,114.46,0.12
2018-05-30,77.50,75.37,77.73,74.81,125.33,2.80
2018-05-31,77.59,77.37,78.75,77.04,21.44,0.12
2018-06-01,76.79,77.71,77.95,76.35,296.57,-1.03
2018-06-04,75.29,76.66,76.95,75.20,324.29,-1.95
2018-06-05,75.38,75.40,75.74,73.81,400.85,0.12
2018-06-06,75.36,75.19,76.25,74.46,365.65,-0.03
2018-06-07,77.32,75.88,77.45,75.44,327.98,2.60
2018-06-08,76.46,77.39,77.61,76.12,251.83,-1.11
2018-06-11,76.46,76.30,76.84,75.52,231.28,0.00
2018-06-12,75.88,76.50,77.07,75.43,260.33,-0.76
2018-06-13,76.74,75.40,76.87,75.26,292.47,1.13
2018-06-14,75.94,76.56,76.92,75.76,279.21,-1.04
2018-06-15,73.44,75.98,76.06,73.00,285.80,-3.29
2018-06-18,75.34,73.06,75.49,72.45,316.12,2.59
2018-06-19,75.08,75.24,75.55,74.45,290.59,-0.35
2018-06-20,74.74,75.20,75.86,74.10,368.84,-0.45
2018-06-21,73.05,74.46,74.69,72.93,411.81,-2.26
2018-06-22,75.55,73.24,75.83,73.24,377.39,3.42
2018-06-25,74.73,74.80,75.13,73.74,274.38,-1.09
2018-06-26,76.31,74.74,76.72,74.13,289.47,2.11
2018-06-27,77.62,76.54,78.16,76.28,166.19,1.72
2018-06-28,77.85,77.50,78.42,77.09,144.22,0.30
2018-06-29,79.44,77.79,79.70,77.45,17.12,2.04
2018-07-02,77.30,78.55,78.95,77.16,265.38,-2.69
2018-07-03,77.76,77.40,78.55,76.67,273.46,0.60
2018-07-04,78.24,77.89,78.28,77.61,97.25,0.62
2018-07-05,77.39,78.14,78.50,77.30,254.02,-1.09
2018-07-06,77.11,77.57,77.68,76.36,315.28,-0.36
2018-07-09,78.07,77.21,78.31,77.04,212.19,1.24
2018-07-10,78.86,78.25,79.51,78.15,261.55,1.01
2018-07-11,73.40,78.78,78.83,73.04,560.84,-6.92
2018-07-12,74.45,74.17,75.10,72.67,416.41,1.43
2018-07-13,75.33,74.34,75.93,73.22,302.43,1.18
2018-07-16,71.84,74.92,75.37,71.52,330.00,-4.63
2018-07-17,72.16,72.01,72.78,71.35,286.44,0.45
2018-07-18,72.90,71.74,73.28,71.19,287.11,1.03
2018-07-19,72.58,73.06,73.79,71.83,313.81,-0.44
2018-07-20,73.07,72.65,73.47,72.26,231.51,0.68
2018-07-23,73.06,73.22,74.50,72.52,316.98,-0.01
2018-07-24,73.44,72.91,74.00,72.68,215.15,0.52
2018-07-25,73.93,73.70,74.60,73.07,210.87,0.67
2018-07-26,74.54,74.37,74.83,73.77,183.35,0.83
2018-07-27,74.29,74.50,74.85,73.83,119.34,-0.34
2018-07-30,74.97,74.31,75.27,74.14,81.03,0.92
2018-07-31,74.25,74.93,75.10,74.14,21.88,-0.96
2018-08-01,72.39,74.07,74.12,72.13,284.02,-2.51
2018-08-02,73.45,72.42,73.75,71.84,226.45,1.46
2018-08-03,73.21,73.37,73.73,72.48,175.36,-0.33
2018-08-06,73.75,73.21,74.47,73.08,200.58,0.74
2018-08-07,74.65,73.61,74.90,73.57,228.99,1.22
2018-08-08,72.28,74.64,74.87,71.65,269.51,-3.17
2018-08-09,72.07,72.16,72.89,71.86,197.06,-0.29
2018-08-10,72.81,71.97,73.14,71.40,228.74,1.03
2018-08-13,72.61,73.00,73.09,71.04,220.34,-0.27
2018-08-14,72.46,72.82,73.93,72.16,242.75,-0.21
2018-08-15,70.76,72.22,72.44,70.30,298.11,-2.35
2018-08-16,71.43,70.65,71.52,70.40,227.20,0.95
2018-08-17,71.83,71.35,72.49,71.25,217.16,0.56
2018-08-20,72.21,71.77,72.75,71.42,249.10,0.53
2018-08-21,72.63,72.15,72.95,72.05,201.24,0.58
2018-08-22,74.78,72.76,75.00,72.70,300.69,2.96
2018-08-23,74.73,74.72,74.87,74.21,199.66,-0.07
2018-08-24,75.82,74.73,76.42,74.68,235.09,1.46
2018-08-27,76.21,75.54,76.34,75.39,101.08,0.51
2018-08-28,75.95,76.34,76.97,75.73,179.66,-0.34
2018-08-29,77.14,75.99,77.42,75.67,130.44,1.57
2018-08-30,77.77,77.33,78.03,77.18,90.22,0.82
2018-08-31,77.42,77.53,77.79,77.00,25.83,-0.45
2018-09-03,78.15,77.69,78.44,77.30,110.91,0.94
2018-09-04,78.17,78.19,79.72,77.44,320.45,0.03
2018-09-05,77.27,77.82,78.09,76.91,277.12,-1.15
2018-09-06,76.50,77.02,77.77,75.64,274.79,-1.00
2018-09-07,76.83,76.69,77.10,75.88,209.00,0.43
2018-09-10,77.37,77.08,77.92,76.90,244.53,0.70
2018-09-11,79.06,77.38,79.54,77.36,280.31,2.18
2018-09-12,79.74,79.42,80.13,78.75,315.27,0.86
2018-09-13,78.18,79.60,79.71,77.87,298.14,-1.96
2018-09-14,78.09,78.45,78.94,77.37,261.06,-0.12
2018-09-17,78.05,78.07,78.90,77.73,207.61,-0.05
2018-09-18,79.03,77.78,79.73,77.46,259.18,1.26
2018-09-19,79.40,78.97,79.50,78.51,275.87,0.47
2018-09-20,78.70,79.44,79.83,78.51,300.16,-0.88
2018-09-21,78.80,78.67,80.12,78.23,297.57,0.13
2018-09-24,81.20,78.97,81.48,78.97,243.31,3.05
2018-09-25,81.87,81.35,82.55,81.17,240.40,0.83
2018-09-26,81.34,81.45,82.22,81.10,130.53,-0.65
2018-09-27,81.72,81.80,82.44,81.32,124.00,0.47
2018-09-28,82.72,81.63,82.87,81.60,19.68,1.22
2018-10-01,84.98,82.79,85.45,82.55,347.53,2.73
2018-10-02,84.80,84.95,85.38,84.31,268.61,-0.21
2018-10-03,86.29,84.79,86.74,84.01,345.22,1.76
2018-10-04,84.58,85.99,86.43,84.14,361.25,-1.98
2018-10-05,84.16,84.89,85.12,83.92,300.62,-0.50
2018-10-08,83.91,84.17,84.31,82.66,290.09,-0.30
2018-10-09,85.00,83.91,85.45,83.73,351.40,1.30
2018-10-10,83.09,84.98,85.17,82.26,319.09,-2.25
2018-10-11,80.26,82.47,82.63,79.80,482.51,-3.41
2018-10-12,80.43,80.28,81.48,79.23,373.09,0.21
2018-10-15,80.78,81.00,81.92,79.85,284.65,0.44
2018-10-16,81.41,80.88,81.75,79.80,329.33,0.78
2018-10-17,80.05,81.74,81.85,79.17,336.60,-1.67
2018-10-18,79.29,80.23,80.31,78.69,359.01,-0.95
2018-10-19,79.78,79.44,80.88,79.22,291.07,0.62
2018-10-22,79.83,80.11,80.41,78.99,269.91,0.06
2018-10-23,76.44,80.04,80.12,75.88,513.72,-4.25
2018-10-24,76.17,76.35,77.57,75.11,366.65,-0.35
2018-10-25,76.89,75.67,77.08,75.35,215.24,0.95
2018-10-26,77.62,76.60,77.91,75.77,229.75,0.95
2018-10-29,77.34,77.64,78.03,76.55,117.94,-0.36
2018-10-30,75.91,76.82,77.32,75.09,115.19,-1.85
2018-10-31,75.47,76.28,76.92,75.42,34.70,-0.58
2018-11-01,72.89,74.69,74.99,72.56,360.16,-3.42
2018-11-02,72.83,72.75,73.50,72.16,312.87,-0.08
2018-11-05,73.17,72.85,74.13,72.26,231.14,0.47
2018-11-06,72.13,72.85,73.28,71.18,290.88,-1.42
2018-11-07,72.07,71.66,73.55,71.36,361.36,-0.08
2018-11-08,70.65,72.10,73.08,70.56,350.47,-1.97
2018-11-09,70.18,70.87,70.99,69.13,292.21,-0.67
2018-11-12,70.12,70.69,71.88,68.87,319.23,-0.09
2018-11-13,65.47,69.13,69.68,64.61,445.04,-6.63
2018-11-14,66.12,65.62,67.63,65.02,379.72,0.99
2018-11-15,66.62,66.12,67.42,65.77,316.04,0.76
2018-11-16,66.76,66.68,68.38,66.06,327.72,0.21
2018-11-19,66.79,66.99,67.64,65.27,262.55,0.04
2018-11-20,62.53,66.90,66.90,61.71,417.01,-6.38
2018-11-21,63.48,62.60,64.48,62.56,334.98,1.52
2018-11-22,62.60,63.60,63.81,62.27,164.11,-1.39
2018-11-23,58.80,62.58,62.79,58.41,279.67,-6.07
2018-11-26,60.48,58.98,61.13,58.60,267.38,2.86
2018-11-27,60.21,60.39,61.40,58.92,271.17,-0.45
2018-11-28,58.76,60.63,61.27,58.55,150.81,-2.41
2018-11-29,59.51,59.12,60.37,57.50,94.57,1.28
2018-11-30,58.71,59.28,59.93,58.25,27.02,-1.34
2018-12-03,61.69,59.98,62.60,59.85,294.77,5.08
2018-12-04,62.08,61.90,63.58,61.24,277.42,0.63
2018-12-05,61.56,61.35,63.29,60.80,256.24,-0.84
2018-12-06,60.06,61.36,61.97,58.36,399.99,-2.44
2018-12-07,61.67,60.25,63.73,59.10,423.08,2.68
2018-12-10,59.97,61.34,62.33,59.61,264.95,-2.76
2018-12-11,60.20,59.91,61.10,59.58,235.33,0.38
2018-12-12,60.15,60.67,61.43,59.98,246.92,-0.08
2018-12-13,61.45,60.29,62.02,59.33,252.40,2.16
2018-12-14,60.28,61.53,61.58,59.92,206.56,-1.90
2018-12-17,59.61,60.25,61.21,58.64,246.03,-1.11
2018-12-18,56.26,59.00,59.24,55.89,398.56,-5.62
2018-12-19,57.24,56.51,58.11,56.04,319.37,1.74
2018-12-20,54.35,56.49,56.75,54.28,299.45,-5.05
2018-12-21,53.82,54.97,55.33,52.79,226.34,-0.98
2018-12-24,50.47,53.49,54.66,50.36,76.22,-6.22
2018-12-26,54.47,50.84,55.29,49.93,77.00,7.93
2018-12-27,52.16,54.65,54.67,51.94,102.59,-4.24
2018-12-28,52.20,53.44,53.80,51.60,17.11,0.08
2018-12-31,53.80,53.00,54.82,52.66,109.11,3.07
2019-01-02,54.91,54.12,56.56,52.51,300.95,2.06
2019-01-03,55.95,54.29,56.30,53.93,278.36,1.89
2019-01-04,57.06,55.67,58.31,55.34,321.11,1.98
2019-01-07,57.33,57.41,58.93,57.26,296.58,0.47
2019-01-08,58.72,57.64,58.87,57.13,288.25,2.42
2019-01-09,61.44,59.15,61.69,59.05,329.05,4.63
2019-01-10,61.68,61.15,61.91,60.44,300.92,0.39
2019-01-11,60.48,61.19,62.49,60.08,292.79,-1.95
2019-01-14,58.99,60.62,61.04,58.90,263.28,-2.46
2019-01-15,60.64,59.36,60.86,59.11,234.36,2.80
2019-01-16,61.32,60.42,61.45,60.03,315.59,1.12
2019-01-17,61.18,61.05,61.54,60.04,278.42,-0.23
2019-01-18,62.70,61.33,63.00,61.32,288.91,2.48
2019-01-21,62.74,62.74,63.15,62.25,138.08,0.06
2019-01-22,61.50,62.59,62.71,60.57,283.22,-1.98
2019-01-23,61.14,61.37,62.33,60.21,308.46,-0.59
2019-01-24,61.09,61.02,61.51,60.41,274.48,-0.08
2019-01-25,61.64,61.13,61.92,60.70,218.03,0.90
2019-01-28,59.93,61.49,61.69,59.49,214.19,-2.77
2019-01-29,61.32,59.87,61.79,59.75,142.13,2.32
2019-01-30,61.65,61.26,62.67,61.04,90.93,0.54
2019-01-31,61.89,61.97,62.32,61.57,20.63,0.39
2019-02-01,62.75,61.06,62.97,60.46,267.22,1.39
2019-02-04,62.51,62.83,63.63,61.28,297.43,-0.38
2019-02-05,61.98,62.64,63.02,61.72,215.36,-0.85
2019-02-06,62.69,62.06,62.80,61.05,225.57,1.15
2019-02-07,61.63,62.50,62.91,60.60,286.17,-1.69
2019-02-08,62.10,61.66,62.36,61.04,254.95,0.76
2019-02-11,61.51,62.11,62.34,60.90,280.96,-0.95
2019-02-12,62.42,61.59,63.34,61.59,278.80,1.48
2019-02-13,63.61,62.70,63.98,62.69,269.68,1.91
2019-02-14,64.57,63.69,64.81,63.25,287.45,1.51
2019-02-15,66.25,64.86,66.39,64.42,290.55,2.60
2019-02-18,66.50,66.39,66.83,65.90,175.24,0.38
2019-02-19,66.45,66.44,66.65,65.58,246.65,-0.08
2019-02-20,67.08,66.30,67.38,65.63,276.48,0.95
2019-02-21,67.07,67.05,67.31,66.69,245.86,-0.01
2019-02-22,67.12,66.96,67.73,66.87,177.62,0.07
2019-02-25,64.76,66.97,67.47,64.54,220.94,-3.52
2019-02-26,65.21,64.79,65.74,64.32,127.60,0.69
2019-02-27,66.39,65.64,66.70,65.27,102.14,1.81
2019-02-28,66.03,66.38,66.38,65.67,19.67,-0.54
2019-03-01,65.07,66.48,67.14,64.59,297.19,-1.45
2019-03-04,65.67,64.97,66.34,64.93,233.54,0.92
2019-03-05,65.86,65.46,66.23,65.04,216.39,0.29
2019-03-06,65.99,65.49,66.18,65.22,283.20,0.20
2019-03-07,66.30,65.88,67.00,65.75,276.24,0.47
2019-03-08,65.74,66.08,66.09,64.02,316.39,-0.84
2019-03-11,66.58,65.76,66.75,65.63,247.81,1.28
2019-03-12,66.67,66.70,67.39,66.34,252.13,0.14
2019-03-13,67.55,66.91,67.76,66.70,243.20,1.32
2019-03-14,67.23,67.65,68.14,67.03,235.99,-0.47
2019-03-15,67.16,67.18,67.71,66.13,254.32,-0.10
2019-03-18,67.54,67.14,67.69,66.69,208.53,0.57
2019-03-19,67.61,67.49,68.20,67.13,234.14,0.10
2019-03-20,68.50,67.66,68.57,67.19,235.49,1.32
2019-03-21,67.86,68.38,68.69,67.59,303.23,-0.93
2019-03-22,67.03,67.76,67.98,66.20,284.52,-1.22
2019-03-25,67.21,67.00,67.65,66.36,216.76,0.27
2019-03-26,67.97,67.36,68.23,67.24,197.54,1.13
2019-03-27,67.83,67.90,68.35,67.19,148.15,-0.21
2019-03-28,67.82,67.75,68.00,66.54,131.64,-0.01
2019-03-29,68.39,68.01,68.89,67.81,20.62,0.84
2019-04-01,69.01,67.58,69.22,67.58,320.77,0.91
2019-04-02,69.37,69.22,69.58,68.69,299.30,0.52
2019-04-03,69.31,69.47,69.96,68.80,341.50,-0.09
2019-04-04,69.40,69.44,70.03,68.87,281.88,0.13
2019-04-05,70.34,69.13,70.48,68.92,263.87,1.35
2019-04-08,71.10,70.56,71.19,70.43,288.13,1.08
2019-04-09,70.61,71.19,71.34,70.30,267.49,-0.69
2019-04-10,71.73,70.82,71.78,70.57,288.89,1.59
2019-04-11,70.83,71.56,71.68,70.57,278.09,-1.25
2019-04-12,71.55,70.95,71.87,70.90,237.22,1.02
2019-04-15,71.18,71.55,71.60,70.78,219.15,-0.52
2019-04-16,71.72,71.21,71.95,70.74,273.90,0.76
2019-04-17,71.62,71.83,72.27,71.45,276.61,-0.14
2019-04-18,71.97,71.63,72.04,71.20,259.04,0.49
2019-04-22,74.04,71.93,74.52,71.86,305.17,2.88
2019-04-23,74.51,74.38,74.73,73.99,308.99,0.63
2019-04-24,74.57,74.27,74.73,74.02,276.67,0.08
2019-04-25,74.35,74.46,75.60,74.00,309.21,-0.30
2019-04-26,72.15,74.20,74.42,71.30,222.89,-2.96
2019-04-29,72.04,71.56,72.50,71.06,147.41,-0.15
2019-04-30,72.80,71.94,73.27,71.73,25.34,1.05
2019-05-01,72.18,71.73,72.36,71.30,230.80,-0.85
2019-05-02,70.75,72.00,72.22,69.68,346.63,-1.98
2019-05-03,70.85,70.48,71.54,69.95,249.81,0.14
2019-05-06,71.24,70.59,71.79,68.79,227.02,0.55
2019-05-07,69.88,71.15,71.33,69.38,332.07,-1.91
2019-05-08,70.37,69.88,70.70,69.33,295.44,0.70
2019-05-09,70.39,70.23,70.65,69.40,328.74,0.03
2019-05-10,70.62,70.45,71.23,70.18,300.46,0.33
2019-05-13,70.23,70.83,72.58,69.72,373.47,-0.55
2019-05-14,71.24,70.02,71.65,69.93,299.77,1.44
2019-05-15,71.77,70.90,72.25,70.42,272.44,0.74
2019-05-16,72.62,72.05,73.36,71.82,326.44,1.18
2019-05-17,72.21,72.82,73.23,71.79,255.53,-0.56
2019-05-20,71.97,72.50,73.40,71.60,301.98,-0.33
2019-05-21,72.18,72.15,72.52,71.63,303.74,0.29
2019-05-22,70.99,71.91,72.04,70.42,371.52,-1.65
2019-05-23,67.76,70.86,70.97,67.02,434.54,-4.55
2019-05-24,68.69,67.99,69.30,67.33,292.09,1.37
2019-05-27,70.11,69.15,70.23,68.53,72.18,2.07
2019-05-28,70.11,69.99,70.59,69.58,238.88,0.00
2019-05-29,69.45,70.10,70.10,68.08,148.48,-0.94
2019-05-30,66.87,69.68,69.96,66.31,105.27,-3.71
2019-05-31,64.49,66.24,66.28,64.37,21.75,-3.56
2019-06-03,61.28,61.64,62.84,60.55,386.56,-4.98
2019-06-04,61.97,61.00,62.12,60.21,370.27,1.13
2019-06-05,60.63,61.58,62.27,59.45,428.01,-2.16
2019-06-06,61.67,60.40,62.43,60.22,343.64,1.72
2019-06-07,63.29,62.40,63.59,61.77,307.96,2.63
2019-06-10,62.29,63.58,64.10,62.05,278.49,-1.58
2019-06-11,62.29,62.30,62.87,62.01,302.74,0.00
2019-06-12,59.97,61.79,61.85,59.57,343.21,-3.72
2019-06-13,61.31,59.94,62.64,59.78,435.42,2.23
2019-06-14,62.01,61.25,62.57,60.74,262.31,1.14
2019-06-17,60.94,62.07,62.37,60.74,236.16,-1.73
2019-06-18,62.14,60.93,62.84,60.25,327.70,1.97
2019-06-19,61.82,62.40,62.55,61.40,320.06,-0.51
2019-06-20,64.45,62.45,64.82,62.40,394.17,4.25
2019-06-21,65.20,64.86,65.76,64.00,257.92,1.16
2019-06-24,64.86,65.50,65.79,64.08,217.44,-0.52
2019-06-25,65.05,64.89,65.98,64.17,205.80,0.29
2019-06-26,66.49,65.80,66.85,65.60,141.95,2.21
2019-06-27,66.55,66.05,66.82,65.63,103.16,0.09
2019-06-28,66.55,66.51,66.84,66.08,34.62,0.00
2019-07-01,65.06,65.05,66.75,64.22,361.41,-2.24
2019-07-02,62.40,64.80,65.51,62.22,386.94,-4.09
2019-07-03,63.82,62.90,64.01,62.09,282.11,2.28
2019-07-04,63.30,63.88,64.07,62.95,114.98,-0.81
2019-07-05,64.23,63.27,64.52,62.91,203.54,1.47
2019-07-08,64.11,64.34,65.14,63.79,253.82,-0.19
2019-07-09,64.16,63.81,64.75,63.76,263.89,0.08
2019-07-10,67.01,64.78,67.12,64.63,349.51,4.44
2019-07-11,66.52,66.81,67.65,66.43,283.02,-0.73
2019-07-12,66.72,66.83,67.29,66.51,244.70,0.30
2019-07-15,66.48,66.87,67.47,66.11,283.09,-0.36
2019-07-16,64.35,66.31,67.09,63.82,356.74,-3.20
2019-07-17,63.66,64.44,65.28,63.22,274.93,-1.07
2019-07-18,61.93,63.52,64.46,61.29,374.89,-2.72
2019-07-19,62.47,62.50,63.37,61.83,298.98,0.87
2019-07-22,63.26,63.05,64.03,62.77,267.78,1.26
2019-07-23,63.83,63.26,64.46,62.66,272.73,0.90
2019-07-24,63.18,64.13,64.66,62.59,301.51,-1.02
2019-07-25,63.39,63.21,64.23,63.01,169.84,0.33
2019-07-26,63.46,63.28,63.96,63.01,159.86,0.11
2019-07-29,63.71,63.32,63.90,62.92,101.70,0.39
2019-07-30,64.72,63.91,65.14,63.90,86.10,1.59
2019-07-31,65.17,64.95,65.42,64.95,18.76,0.70
2019-08-01,60.50,64.09,64.54,60.02,433.72,-7.17
2019-08-02,61.89,61.16,62.95,60.98,364.14,2.30
2019-08-05,59.81,61.46,61.56,59.66,378.86,-3.36
2019-08-06,58.94,59.56,60.56,58.55,328.15,-1.45
2019-08-07,56.23,58.68,59.23,55.88,485.19,-4.60
2019-08-08,57.38,57.48,58.01,56.77,299.69,2.05
2019-08-09,58.53,57.74,59.10,57.11,281.80,2.00
2019-08-12,58.57,58.30,58.88,57.88,221.35,0.07
2019-08-13,61.30,58.47,61.50,58.00,338.08,4.66
2019-08-14,59.48,61.07,61.08,58.21,320.43,-2.97
2019-08-15,58.23,59.07,59.42,57.67,298.67,-2.10
2019-08-16,58.64,58.41,59.50,58.28,209.43,0.70
2019-08-19,59.74,58.72,59.92,58.64,211.45,1.88
2019-08-20,60.03,59.68,60.32,58.95,245.25,0.49
2019-08-21,60.30,60.11,61.41,60.07,269.68,0.45
2019-08-22,59.92,60.43,60.89,59.47,276.11,-0.63
2019-08-23,59.34,60.11,60.29,58.30,321.24,-0.97
2019-08-26,58.70,58.35,60.17,58.24,183.30,-1.08
2019-08-27,59.51,58.80,60.17,58.51,218.37,1.38
2019-08-28,60.49,60.04,61.00,59.80,134.26,1.65
2019-08-29,61.08,60.48,61.19,59.98,131.09,0.98
2019-08-30,60.43,60.98,61.17,60.25,25.14,-1.06
2019-09-02,58.66,58.80,59.26,58.10,121.64,-2.93
2019-09-03,58.26,58.54,58.87,57.23,265.12,-0.68
2019-09-04,60.70,58.17,60.96,58.13,283.10,4.19
2019-09-05,60.95,60.49,62.40,60.25,292.06,0.41
2019-09-06,61.54,60.81,61.88,59.40,287.36,0.97
2019-09-09,62.59,61.60,63.00,61.57,249.71,1.71
2019-09-10,62.38,62.82,63.78,62.17,267.55,-0.34
2019-09-11,60.81,62.88,63.27,60.52,315.12,-2.52
2019-09-12,60.38,61.16,61.39,58.92,358.09,-0.71
2019-09-13,60.22,60.45,60.81,59.60,195.83,-0.26
2019-09-16,69.02,66.45,71.95,64.75,735.54,14.61
2019-09-17,64.55,68.15,69.26,63.55,620.49,-6.48
2019-09-18,63.60,64.23,64.99,63.04,295.05,-1.47
2019-09-19,64.40,63.51,65.57,63.46,258.85,1.26
2019-09-20,64.28,65.00,65.28,64.05,224.88,-0.19
2019-09-23,64.77,65.23,65.50,63.53,204.78,0.76
2019-09-24,63.10,64.40,64.60,62.30,216.28,-2.58
2019-09-25,62.39,62.44,62.81,61.23,201.47,-1.13
2019-09-26,62.74,62.58,62.92,61.45,115.57,0.56
2019-09-27,61.91,62.48,62.75,60.76,97.33,-1.32
2019-09-30,60.78,62.24,62.24,60.73,22.01,-1.83
2019-10-01,58.89,59.38,60.10,58.41,291.67,-3.11
2019-10-02,57.69,59.25,59.50,57.22,307.91,-2.04
2019-10-03,57.71,57.54,57.99,56.15,336.90,0.03
2019-10-04,58.37,57.69,58.96,57.67,299.92,1.14
2019-10-07,58.35,58.02,59.68,58.02,228.41,-0.03
2019-10-08,58.24,58.47,58.92,57.38,274.74,-0.19
2019-10-09,58.32,58.02,59.35,57.91,266.48,0.14
2019-10-10,59.10,58.04,59.60,57.80,262.53,1.34
2019-10-11,60.51,59.53,60.69,59.21,367.63,2.39
2019-10-14,59.35,60.69,60.73,58.50,283.07,-1.92
2019-10-15,58.74,59.30,59.68,58.00,305.68,-1.03
2019-10-16,59.42,58.90,59.75,58.36,257.88,1.16
2019-10-17,59.91,58.99,60.04,58.69,269.84,0.82
2019-10-18,59.42,59.78,60.29,59.01,228.14,-0.82
2019-10-21,58.96,59.23,59.55,58.26,212.57,-0.77
2019-10-22,59.70,59.05,60.26,58.75,260.60,1.26
2019-10-23,61.17,59.48,61.30,58.85,313.23,2.46
2019-10-24,61.67,60.99,61.90,60.64,215.54,0.82
2019-10-25,62.02,61.50,62.11,60.93,204.45,0.57
2019-10-28,61.57,62.04,62.34,61.19,167.86,-0.73
2019-10-29,61.59,61.61,61.98,60.66,136.93,0.03
2019-10-30,60.61,61.60,61.93,60.45,105.87,-1.59
2019-10-31,60.23,60.57,61.13,60.07,13.90,-0.63
2019-11-01,61.69,59.45,61.82,59.40,236.09,2.42
2019-11-04,62.13,61.80,62.78,61.28,235.38,0.71
2019-11-05,62.96,62.04,63.19,61.85,231.67,1.34
2019-11-06,61.74,62.78,63.32,61.59,275.94,-1.94
2019-11-07,62.29,61.73,62.89,61.65,261.07,0.89
2019-11-08,62.51,62.29,62.70,60.66,287.67,0.35
2019-11-11,62.18,62.60,62.76,61.57,213.34,-0.53
2019-11-12,62.06,62.11,62.85,61.82,238.17,-0.19
2019-11-13,62.37,61.85,62.74,61.22,273.03,0.50
2019-11-14,62.28,62.61,63.21,62.15,234.78,-0.14
2019-11-15,63.30,62.47,63.65,61.70,255.68,1.64
2019-11-18,62.44,63.36,63.57,61.94,228.25,-1.36
2019-11-19,60.91,62.28,62.57,60.70,296.80,-2.45
2019-11-20,62.40,60.94,62.80,60.30,343.31,2.45
2019-11-21,63.97,62.22,64.03,61.92,318.49,2.52
2019-11-22,63.39,63.62,64.27,62.98,228.74,-0.91
2019-11-25,63.65,63.60,63.80,62.97,212.05,0.41
2019-11-26,64.27,63.70,64.32,63.44,181.10,0.97
2019-11-27,64.06,64.02,64.60,63.51,125.47,-0.33
2019-11-28,63.87,63.91,64.00,63.19,96.08,-0.30
2019-11-29,62.43,63.77,63.86,62.36,19.65,-2.25
2019-12-02,60.92,60.73,62.09,60.72,297.87,-2.42
2019-12-03,60.82,61.05,61.58,60.30,248.55,-0.16
2019-12-04,63.00,61.08,63.51,61.00,319.04,3.58
2019-12-05,63.39,62.97,63.91,62.75,294.84,0.62
2019-12-06,64.39,63.41,64.88,62.83,314.60,1.58
2019-12-09,64.25,64.29,64.50,63.61,239.77,-0.22
2019-12-10,64.34,64.03,64.69,63.78,235.19,0.14
2019-12-11,63.72,64.00,64.26,63.01,250.14,-0.96
2019-12-12,64.20,63.90,64.85,63.87,238.31,0.75
2019-12-13,65.22,64.56,65.79,64.50,232.75,1.59
2019-12-16,65.34,65.05,65.66,64.88,183.35,0.18
2019-12-17,66.10,65.31,66.24,65.12,239.85,1.16
2019-12-18,66.17,65.84,66.43,65.56,248.77,0.11
2019-12-19,66.54,66.19,66.78,66.03,229.21,0.56
2019-12-20,66.14,66.56,66.72,65.70,210.55,-0.60
2019-12-23,66.39,66.15,66.62,65.81,130.19,0.38
2019-12-24,67.20,66.44,67.26,66.36,104.94,1.22
2019-12-26,67.92,67.27,67.99,67.22,69.82,1.07
2019-12-27,68.16,67.91,68.33,67.57,112.22,0.35
2019-12-30,68.44,68.20,68.99,68.16,29.42,0.41
2019-12-31,66.00,66.65,66.93,65.63,171.01,-3.57
2020-01-02,66.25,66.41,66.58,65.72,205.69,0.38
2020-01-03,68.60,66.28,69.50,66.22,479.70,3.55
2020-01-06,68.91,69.35,70.74,68.21,341.14,0.45
2020-01-07,68.27,68.63,68.75,67.65,284.92,-0.93
2020-01-08,65.44,71.22,71.75,64.94,560.89,-4.15
2020-01-09,65.37,66.00,66.10,64.56,364.45,-0.11
2020-01-10,64.98,65.29,65.66,64.86,272.17,-0.60
2020-01-13,64.20,65.13,65.27,63.92,262.47,-1.20
2020-01-14,64.49,64.29,65.05,63.92,270.50,0.45
2020-01-15,64.00,64.44,64.60,63.55,229.53,-0.76
2020-01-16,64.62,64.26,64.97,63.90,220.17,0.97
2020-01-17,64.85,64.69,65.60,64.48,238.64,0.36
2020-01-20,65.20,65.98,66.00,64.92,154.79,0.54
2020-01-21,64.59,65.26,65.35,64.06,248.56,-0.94
2020-01-22,63.21,64.57,64.58,62.62,273.30,-2.14
2020-01-23,62.04,62.68,62.69,61.25,361.91,-1.85
2020-01-24,60.69,62.01,62.46,60.25,257.95,-2.18
2020-01-27,59.32,60.23,60.49,58.50,259.77,-2.26
2020-01-28,59.51,59.03,60.12,58.50,248.95,0.32
2020-01-29,59.81,59.86,60.62,59.26,142.68,0.50
2020-01-30,58.29,59.60,59.65,57.71,104.27,-2.54
2020-01-31,58.16,59.30,59.45,57.94,19.60,-0.22
2020-02-03,54.45,56.16,56.77,54.08,477.22,-6.38
2020-02-04,53.96,54.33,55.65,53.69,409.86,-0.90
2020-02-05,55.28,54.05,56.46,54.05,412.27,2.45
2020-02-06,54.93,55.56,56.58,54.25,379.87,-0.63
2020-02-07,54.47,55.14,55.40,54.21,270.80,-0.84
2020-02-10,53.27,54.20,54.71,53.11,280.18,-2.20
2020-02-11,54.01,53.62,54.69,53.60,272.81,1.39
2020-02-12,55.79,54.41,56.36,54.39,305.45,3.30
2020-02-13,56.34,55.75,56.83,54.96,325.51,0.99
2020-02-14,57.32,56.41,57.53,56.15,258.14,1.74
2020-02-17,57.67,57.29,57.70,56.83,115.34,0.61
2020-02-18,57.75,57.35,57.83,56.30,249.20,0.14
2020-02-19,59.12,57.60,59.40,57.51,262.15,2.37
2020-02-20,59.31,59.31,60.00,58.90,268.65,0.32
2020-02-21,58.50,59.00,59.25,57.73,236.49,-1.37
2020-02-24,56.30,57.85,57.86,55.13,236.33,-3.76
2020-02-25,54.95,56.46,56.98,54.62,210.28,-2.40
2020-02-26,53.43,55.13,55.45,53.03,171.50,-2.77
2020-02-27,52.18,53.18,53.25,50.97,112.16,-2.34
2020-02-28,50.52,51.42,51.52,50.05,20.36,-3.18
2020-03-02,51.90,48.95,53.20,48.40,417.56,2.73
2020-03-03,51.86,53.47,53.90,51.22,407.55,-0.08
2020-03-04,51.13,52.11,53.03,51.04,363.50,-1.41
2020-03-05,49.99,51.66,52.04,49.70,361.04,-2.23
2020-03-06,45.27,50.25,50.45,45.18,636.39,-9.44
2020-03-09,34.36,38.28,38.34,31.02,779.72,-24.10
2020-03-10,37.22,35.84,38.22,35.00,551.29,8.32
2020-03-11,35.79,37.27,39.70,35.35,471.77,-3.84
2020-03-12,33.22,35.99,36.46,32.50,472.74,-7.18
2020-03-13,33.85,32.85,36.15,32.50,360.63,1.90
2020-03-16,30.05,35.82,35.84,29.45,330.12,-11.23
2020-03-17,28.73,30.14,31.25,28.50,270.24,-4.39
2020-03-18,24.88,28.40,29.21,24.52,348.40,-13.40
2020-03-19,28.47,27.19,29.42,24.96,335.72,14.43
2020-03-20,26.98,28.10,30.94,26.81,313.84,-5.23
2020-03-23,27.03,26.75,27.54,24.68,257.59,0.19
2020-03-24,27.15,27.72,28.65,26.69,198.91,0.44
2020-03-25,27.39,27.80,28.29,25.68,154.94,0.88
2020-03-26,26.34,27.35,27.75,26.03,139.18,-3.83
2020-03-27,24.93,26.68,27.00,24.13,112.74,-5.35
2020-03-30,22.76,23.85,24.44,21.65,62.08,-8.70
2020-03-31,22.74,23.00,23.87,22.59,14.77,-0.09
2020-04-01,24.74,25.99,26.28,24.52,347.29,8.80
2020-04-02,29.94,25.61,36.29,25.45,612.27,21.02
2020-04-03,34.11,29.89,35.00,28.25,541.28,13.93
2020-04-06,33.05,31.76,34.24,30.03,296.07,-3.11
2020-04-07,31.87,33.66,34.18,31.74,303.42,-3.57
2020-04-08,32.84,32.63,33.87,31.54,320.61,3.04
2020-04-09,31.48,33.82,36.40,31.18,493.00,-4.14
2020-04-13,31.74,33.99,33.99,30.63,223.29,0.83
2020-04-14,29.60,32.25,32.32,29.38,297.55,-6.74
2020-04-15,27.69,30.26,30.33,27.16,284.34,-6.45
2020-04-16,27.82,28.05,29.00,27.20,272.98,0.47
2020-04-17,28.08,28.66,28.93,27.58,286.17,0.93
2020-04-20,25.57,28.05,28.25,25.37,361.83,-8.94
2020-04-21,19.33,26.33,26.50,17.51,637.21,-24.40
2020-04-22,20.37,20.23,22.45,15.98,344.76,5.38
2020-04-23,21.33,20.89,23.22,20.07,256.30,4.71
2020-04-24,21.44,21.93,22.70,20.50,187.00,0.52
2020-04-27,19.99,21.55,21.91,19.11,162.39,-6.76
2020-04-28,20.46,19.90,21.29,18.73,123.22,2.35
2020-04-29,22.54,20.66,23.88,20.53,86.55,10.17
2020-04-30,25.27,22.87,25.76,22.87,9.69,12.11
2020-05-01,26.44,26.95,27.88,25.76,216.98,4.63
2020-05-04,27.20,26.10,28.08,25.50,215.73,2.87
2020-05-05,30.97,28.10,32.06,27.77,267.14,13.86
2020-05-06,29.72,32.27,32.27,28.66,268.46,-4.04
2020-05-07,29.46,29.64,31.84,29.08,259.89,-0.87
2020-05-08,30.97,29.60,31.14,29.43,147.30,5.13
2020-05-11,29.63,30.70,31.47,29.35,242.21,-4.33
2020-05-12,29.98,30.07,30.70,29.35,202.47,1.18
2020-05-13,29.19,29.35,30.55,28.86,221.11,-2.64
2020-05-14,31.13,29.52,31.55,28.88,222.21,6.65
2020-05-15,32.50,31.52,32.91,30.94,211.28,4.40
2020-05-18,34.81,32.78,35.72,32.69,232.25,7.11
2020-05-19,34.65,35.66,35.76,34.20,188.93,-0.46
2020-05-20,35.75,34.45,36.46,34.38,191.27,3.17
2020-05-21,36.06,35.82,36.98,35.75,178.55,0.87
2020-05-22,35.13,36.18,36.23,33.54,174.59,-2.58
2020-05-25,35.53,34.98,35.97,34.46,28.96,1.14
2020-05-26,36.17,35.66,36.68,35.26,129.98,1.80
2020-05-27,34.74,35.93,36.16,33.98,112.25,-3.95
2020-05-28,35.29,33.92,35.95,33.62,70.99,1.58
2020-05-29,35.33,35.15,35.37,34.06,14.71,0.11
2020-06-01,38.32,37.56,38.68,37.18,212.78,8.46
2020-06-02,39.57,38.34,39.75,38.26,205.22,3.26
2020-06-03,39.79,39.75,40.53,38.76,239.43,0.56
2020-06-04,39.99,39.60,40.10,39.04,172.61,0.50
2020-06-05,42.30,39.84,42.48,39.72,250.31,5.78
2020-06-08,40.80,42.40,43.41,40.68,227.88,-3.55
2020-06-09,41.18,41.10,41.45,39.85,222.36,0.93
2020-06-10,41.73,40.72,41.99,40.14,234.19,1.34
2020-06-11,38.55,40.95,41.01,37.82,290.17,-7.62
2020-06-12,38.73,37.88,39.45,37.01,237.89,0.47
2020-06-15,39.72,38.80,39.90,37.24,215.42,2.56
2020-06-16,40.96,39.94,41.65,38.95,248.58,3.12
2020-06-17,40.71,40.61,41.46,40.03,175.24,-0.61
2020-06-18,41.51,40.43,41.64,40.06,175.79,1.97
2020-06-19,42.19,41.72,42.92,41.03,217.49,1.64
2020-06-22,43.08,41.74,43.18,41.58,187.65,2.11
2020-06-23,42.63,43.21,43.93,42.21,183.03,-1.04
2020-06-24,40.31,42.45,42.89,39.63,195.72,-5.44
2020-06-25,41.05,40.35,41.64,39.47,166.05,1.84
2020-06-26,41.02,41.44,41.81,40.29,120.32,-0.07
2020-06-29,41.71,40.56,41.95,40.04,86.78,1.68
2020-06-30,41.15,41.33,41.62,40.90,12.60,-1.34
2020-07-01,42.03,41.58,42.62,41.03,252.52,2.14
2020-07-02,43.14,41.84,43.23,41.73,196.69,2.64
2020-07-03,42.80,42.76,42.99,42.32,96.78,-0.79
2020-07-06,43.10,42.79,43.71,42.74,185.02,0.70
2020-07-07,43.08,43.13,43.45,42.46,183.23,-0.05
2020-07-08,43.29,42.81,43.47,42.75,185.14,0.49
2020-07-09,42.35,43.30,43.50,41.94,237.75,-2.17
2020-07-10,43.24,42.36,43.42,41.32,214.05,2.10
2020-07-13,42.72,43.12,43.34,42.14,200.31,-1.20
2020-07-14,42.90,42.24,43.22,41.80,221.12,0.42
2020-07-15,43.79,43.07,43.85,42.70,232.18,2.07
2020-07-16,43.37,43.71,43.80,43.14,172.16,-0.96
2020-07-17,43.14,43.40,43.45,42.64,162.40,-0.53
2020-07-20,43.28,43.08,43.45,42.36,179.43,0.32
2020-07-21,44.32,43.17,44.89,43.16,229.78,2.40
2020-07-22,44.29,44.03,44.40,43.62,202.16,-0.07
2020-07-23,43.31,44.10,44.77,43.13,262.24,-2.21
2020-07-24,43.34,43.27,43.90,42.79,191.05,0.07
2020-07-27,43.41,43.35,43.77,42.39,174.75,0.16
2020-07-28,43.22,43.55,43.84,43.00,107.34,-0.44
2020-07-29,43.75,43.31,43.95,43.20,64.92,1.23
2020-07-30,42.94,43.73,43.80,41.38,63.20,-1.85
2020-07-31,43.30,43.29,43.44,43.05,14.42,0.84
2020-08-03,44.15,43.53,44.46,42.89,198.70,1.96
2020-08-04,44.43,43.84,44.82,43.24,227.12,0.63
2020-08-05,45.17,44.28,46.23,44.24,246.98,1.67
2020-08-06,45.09,45.32,45.71,44.85,184.52,-0.18
2020-08-07,44.40,45.15,45.30,44.27,171.72,-1.53
2020-08-10,44.99,44.66,45.26,44.37,135.30,1.33
2020-08-11,44.50,45.05,45.79,44.39,202.74,-1.09
2020-08-12,45.43,44.62,45.63,44.49,166.48,2.09
2020-08-13,44.96,45.32,45.58,44.82,148.41,-1.03
2020-08-14,44.80,45.29,45.29,44.47,151.46,-0.36
2020-08-17,45.37,44.86,45.41,44.53,164.23,1.27
2020-08-18,45.46,45.27,45.55,44.76,181.69,0.20
2020-08-19,45.37,45.17,45.48,44.81,174.88,-0.20
2020-08-20,44.90,45.14,45.18,44.02,249.74,-1.04
2020-08-21,44.35,45.03,45.08,43.59,221.99,-1.22
2020-08-24,45.13,44.50,45.18,44.29,176.64,1.76
2020-08-25,45.86,45.12,46.07,45.08,178.31,1.62
2020-08-26,45.64,45.97,46.10,45.54,132.51,-0.48
2020-08-27,45.09,45.70,45.87,44.56,102.26,-1.21
2020-08-28,45.05,45.10,45.30,44.80,21.14,-0.09
2020-08-31,45.28,45.80,46.53,45.21,174.31,0.51
2020-09-01,45.58,45.60,46.22,45.47,206.72,0.66
2020-09-02,44.43,45.83,46.05,44.20,260.14,-2.52
2020-09-03,44.07,44.65,44.65,43.15,274.93,-0.81
2020-09-04,42.66,43.76,44.54,42.30,270.96,-3.20
2020-09-07,42.01,42.20,42.43,41.51,122.98,-1.52
2020-09-08,39.78,42.08,42.23,39.31,363.53,-5.31
2020-09-09,40.79,39.65,41.20,39.37,278.22,2.54
2020-09-10,40.06,40.58,40.96,39.71,208.86,-1.79
2020-09-11,39.83,39.96,40.34,39.38,211.88,-0.57
2020-09-14,39.61,39.78,40.09,39.30,200.09,-0.55
2020-09-15,40.53,39.70,40.82,39.39,214.80,2.32
2020-09-16,42.22,40.72,42.44,40.59,237.25,4.17
2020-09-17,43.30,42.32,43.50,41.50,237.40,2.56
2020-09-18,43.15,43.22,43.80,42.53,204.66,-0.35
2020-09-21,41.44,43.01,43.30,40.96,217.36,-3.96
2020-09-22,41.72,41.79,42.20,41.21,210.74,0.68
2020-09-23,41.77,41.67,42.62,41.21,183.88,0.12
2020-09-24,41.94,41.36,42.02,41.27,162.93,0.41
2020-09-25,41.92,41.85,42.33,41.52,129.40,-0.05
2020-09-28,42.43,41.87,42.62,41.48,91.82,1.22
2020-09-29,41.03,42.47,42.52,40.43,91.60,-3.30
2020-09-30,40.95,40.66,40.98,40.30,19.38,-0.19
2020-10-01,40.93,42.17,42.56,39.92,338.72,-0.05
2020-10-02,39.27,40.65,40.77,38.79,337.41,-4.06
2020-10-05,41.29,39.19,41.78,39.14,273.76,5.14
2020-10-06,42.65,41.41,42.84,41.22,291.68,3.29
2020-10-07,41.99,41.85,42.42,41.36,241.20,-1.55
2020-10-08,43.34,42.15,43.47,41.86,266.26,3.22
2020-10-09,42.85,43.36,43.57,42.61,254.62,-1.13
2020-10-12,41.72,42.60,42.71,41.36,238.87,-2.64
2020-10-13,42.45,41.81,42.68,41.66,227.85,1.75
2020-10-14,43.32,42.43,43.45,42.13,279.12,2.05
2020-10-15,43.16,43.45,43.48,41.56,295.28,-0.37
2020-10-16,42.93,43.10,43.21,42.27,197.16,-0.53
2020-10-19,42.62,42.69,43.23,42.36,209.06,-0.72
2020-10-20,43.16,42.45,43.30,42.19,252.05,1.27
2020-10-21,41.73,42.91,43.04,41.45,268.88,-3.31
2020-10-22,42.46,41.59,42.79,41.46,257.20,1.75
2020-10-23,41.77,42.40,42.80,41.50,205.21,-1.63
2020-10-26,40.46,41.53,41.63,40.22,210.53,-3.14
2020-10-27,41.20,40.50,41.47,40.40,207.54,1.83
2020-10-28,39.12,40.61,40.70,38.75,163.83,-5.05
2020-10-29,37.65,39.16,39.45,36.64,112.49,-3.76
2020-10-30,37.46,37.50,38.10,36.80,20.19,-0.50
2020-11-02,38.97,37.37,39.36,35.74,326.07,4.03
2020-11-03,39.71,39.26,40.45,38.65,278.63,1.90
2020-11-04,41.23,40.13,41.33,39.42,250.87,3.83
2020-11-05,40.93,40.96,41.53,40.33,219.20,-0.73
2020-11-06,39.45,40.63,40.69,39.34,255.44,-3.62
2020-11-09,42.40,39.65,43.48,39.46,393.05,7.48
2020-11-10,43.61,41.75,44.11,41.71,315.25,2.85
2020-11-11,43.80,43.77,45.30,43.60,346.77,0.44
2020-11-12,43.53,43.73,44.50,43.26,266.04,-0.62
2020-11-13,42.78,43.20,43.34,42.63,216.74,-1.72
2020-11-16,43.82,42.71,44.67,42.71,268.43,2.43
2020-11-17,43.75,43.89,44.25,43.08,226.35,-0.16
2020-11-18,44.34,43.75,44.89,43.48,242.88,1.35
2020-11-19,44.20,43.96,44.57,43.79,210.30,-0.32
2020-11-20,44.96,44.15,45.24,44.05,264.01,1.72
2020-11-23,46.06,45.08,46.12,44.89,267.25,2.45
2020-11-24,47.86,45.90,48.03,45.89,263.24,3.91
2020-11-25,48.61,47.80,49.06,47.72,231.03,1.57
2020-11-26,47.80,48.76,49.09,47.53,88.76,-1.67
2020-11-27,48.18,47.81,48.44,47.34,87.75,0.79
2020-11-30,47.59,47.91,47.99,46.85,20.68,-1.22
2020-12-01,47.42,47.79,48.30,46.88,258.69,-0.36
2020-12-02,48.25,47.05,48.76,46.82,285.74,1.75
2020-12-03,48.71,48.00,48.94,47.67,274.73,0.95
2020-12-04,49.25,48.96,49.92,48.84,253.64,1.11
2020-12-07,48.79,49.23,49.43,48.40,207.51,-0.93
2020-12-08,48.84,48.58,49.00,48.09,225.24,0.10
2020-12-09,48.86,48.84,49.55,48.40,267.79,0.04
2020-12-10,50.25,49.00,51.06,48.86,288.73,2.84
2020-12-11,49.97,50.45,50.74,49.74,231.87,-0.56
2020-12-14,50.29,50.05,50.80,49.13,236.96,0.64
2020-12-15,50.76,50.30,50.89,49.78,190.55,0.93
2020-12-16,51.08,50.64,51.20,50.34,222.74,0.63
2020-12-17,51.50,51.12,51.90,51.08,233.88,0.82
2020-12-18,52.26,51.43,52.48,51.13,246.12,1.48
2020-12-21,50.91,52.22,52.32,49.20,288.74,-2.58
2020-12-22,50.08,50.65,50.86,49.56,194.10,-1.63
2020-12-23,51.20,49.70,51.59,49.20,182.63,2.24
2020-12-24,51.29,51.11,51.77,50.62,96.69,0.18
2020-12-28,50.86,51.25,52.02,50.53,81.06,-0.84
2020-12-29,51.09,51.02,51.63,50.86,91.33,0.45
2020-12-30,51.34,51.32,51.56,51.04,17.63,0.49
2020-12-31,51.80,51.49,51.84,50.90,133.22,0.90
