Date,Open,High,Low,Close
2013-01-02,0.259,0.283,0.259,0.271
2013-01-03,0.271,0.287,0.247,0.283
2013-01-04,0.271,0.307,0.260,0.275
2013-01-07,0.275,0.292,0.264,0.284
2013-01-08,0.272,0.284,0.248,0.256
2013-01-09,0.264,0.280,0.240,0.248
2013-01-10,0.244,0.272,0.232,0.256
2013-01-11,0.257,0.277,0.237,0.257
2013-01-14,0.257,0.269,0.237,0.257
2013-01-15,0.253,0.273,0.237,0.261
2013-01-16,0.262,0.274,0.241,0.253
2013-01-17,0.250,0.294,0.234,0.274
2013-01-18,0.266,0.287,0.246,0.262
2013-01-22,0.266,0.279,0.234,0.255
2013-01-23,0.255,0.267,0.230,0.247
2013-01-24,0.239,0.271,0.231,0.251
2013-01-25,0.251,0.300,0.235,0.288
2013-01-28,0.288,0.309,0.248,0.285
2013-01-29,0.293,0.305,0.266,0.281
2013-01-30,0.277,0.297,0.262,0.274
2013-01-31,0.273,0.289,0.250,0.277
2013-02-01,0.273,0.289,0.234,0.285
2013-02-04,0.285,0.285,0.238,0.258
2013-02-05,0.250,0.285,0.242,0.265
2013-02-06,0.254,0.273,0.246,0.254
2013-02-07,0.246,0.273,0.242,0.266
2013-02-08,0.254,0.278,0.238,0.258
2013-02-11,0.258,0.286,0.250,0.254
2013-02-12,0.258,0.286,0.246,0.270
2013-02-13,0.262,0.298,0.258,0.282
2013-02-14,0.282,0.294,0.258,0.278
2013-02-15,0.266,0.294,0.254,0.278
2013-02-19,0.266,0.294,0.266,0.282
2013-02-20,0.278,0.298,0.258,0.274
2013-02-21,0.258,0.278,0.246,0.262
2013-02-22,0.262,0.278,0.246,0.258
2013-02-25,0.258,0.278,0.238,0.250
2013-02-26,0.246,0.270,0.238,0.250
2013-02-27,0.254,0.266,0.234,0.250
2013-02-28,0.249,0.273,0.233,0.249
2013-03-01,0.249,0.257,0.229,0.245
2013-03-04,0.245,0.262,0.229,0.245
2013-03-05,0.241,0.261,0.229,0.245
2013-03-06,0.249,0.269,0.233,0.261
2013-03-07,0.257,0.277,0.245,0.257
2013-03-08,0.261,0.313,0.249,0.261
2013-03-11,0.261,0.277,0.241,0.261
2013-03-12,0.261,0.281,0.245,0.261
2013-03-13,0.261,0.293,0.249,0.269
2013-03-14,0.269,0.289,0.253,0.273
2013-03-15,0.273,0.282,0.249,0.265
2013-03-18,0.265,0.269,0.229,0.253
2013-03-19,0.253,0.261,0.233,0.245
2013-03-20,0.245,0.273,0.233,0.253
2013-03-21,0.253,0.269,0.237,0.257
2013-03-22,0.249,0.269,0.233,0.261
2013-03-25,0.261,0.273,0.241,0.257
2013-03-26,0.257,0.273,0.237,0.254
2013-03-27,0.254,0.273,0.238,0.246
2013-03-28,0.246,0.262,0.234,0.246
2013-04-01,0.246,0.270,0.230,0.242
2013-04-02,0.242,0.262,0.234,0.242
2013-04-03,0.242,0.262,0.219,0.222
2013-04-04,0.222,0.254,0.215,0.230
2013-04-05,0.230,0.250,0.218,0.230
2013-04-08,0.230,0.250,0.222,0.230
2013-04-09,0.242,0.254,0.222,0.238
2013-04-10,0.238,0.258,0.222,0.234
2013-04-11,0.242,0.254,0.222,0.230
2013-04-12,0.230,0.250,0.218,0.230
2013-04-15,0.230,0.246,0.214,0.222
2013-04-16,0.222,0.242,0.214,0.230
2013-04-17,0.230,0.242,0.214,0.230
2013-04-18,0.230,0.246,0.218,0.230
2013-04-19,0.230,0.246,0.218,0.234
2013-04-22,0.234,0.254,0.218,0.226
2013-04-23,0.226,0.242,0.218,0.234
2013-04-24,0.234,0.250,0.222,0.230
2013-04-25,0.230,0.254,0.222,0.242
2013-04-26,0.242,0.250,0.215,0.223
2013-04-29,0.223,0.231,0.203,0.215
2013-04-30,0.215,0.243,0.200,0.215
2013-05-01,0.223,0.231,0.192,0.208
2013-05-02,0.208,0.227,0.196,0.200
2013-05-03,0.200,0.236,0.196,0.224
2013-05-06,0.224,0.240,0.208,0.224
2013-05-07,0.224,0.244,0.212,0.224
2013-05-08,0.224,0.248,0.216,0.236
2013-05-09,0.236,0.244,0.208,0.232
2013-05-10,0.232,0.261,0.217,0.253
2013-05-13,0.253,0.265,0.229,0.249
2013-05-14,0.241,0.265,0.229,0.257
2013-05-15,0.257,0.273,0.233,0.249
2013-05-16,0.249,0.257,0.225,0.241
2013-05-17,0.241,0.270,0.222,0.254
2013-05-20,0.254,0.262,0.234,0.246
2013-05-21,0.242,0.258,0.234,0.250
2013-05-22,0.238,0.267,0.226,0.263
2013-05-23,0.255,0.267,0.238,0.263
2013-05-24,0.247,0.272,0.243,0.259
2013-05-28,0.255,0.309,0.247,0.305
2013-05-29,0.313,0.332,0.285,0.297
2013-05-30,0.305,0.321,0.289,0.305
2013-05-31,0.301,0.333,0.289,0.305
2013-06-03,0.305,0.329,0.258,0.297
2013-06-04,0.305,0.321,0.290,0.309
2013-06-05,0.305,0.325,0.270,0.297
2013-06-06,0.294,0.317,0.282,0.302
2013-06-07,0.298,0.353,0.258,0.314
2013-06-10,0.310,0.338,0.294,0.322
2013-06-11,0.326,0.358,0.306,0.330
2013-06-12,0.326,0.358,0.306,0.330
2013-06-13,0.338,0.346,0.278,0.294
2013-06-14,0.290,0.302,0.262,0.286
2013-06-17,0.278,0.294,0.254,0.278
2013-06-18,0.270,0.302,0.254,0.270
2013-06-19,0.266,0.347,0.250,0.315
2013-06-20,0.311,0.379,0.303,0.335
2013-06-21,0.331,0.392,0.262,0.380
2013-06-24,0.376,0.466,0.364,0.384
2013-06-25,0.388,0.434,0.352,0.434
2013-06-26,0.441,0.445,0.379,0.383
2013-06-27,0.391,0.399,0.352,0.367
2013-06-28,0.367,0.383,0.348,0.359
2013-07-01,0.363,0.387,0.344,0.359
2013-07-02,0.363,0.379,0.336,0.351
2013-07-03,0.355,0.367,0.336,0.363
2013-07-05,0.367,0.415,0.347,0.399
2013-07-08,0.415,0.419,0.355,0.363
2013-07-09,0.371,0.391,0.359,0.375
2013-07-10,0.379,0.391,0.347,0.355
2013-07-11,0.335,0.355,0.327,0.331
2013-07-12,0.335,0.355,0.315,0.343
2013-07-15,0.351,0.363,0.323,0.331
2013-07-16,0.327,0.343,0.311,0.327
2013-07-17,0.331,0.343,0.295,0.303
2013-07-18,0.307,0.323,0.291,0.307
2013-07-19,0.311,0.322,0.298,0.302
2013-07-22,0.298,0.314,0.286,0.294
2013-07-23,0.302,0.328,0.298,0.328
2013-07-24,0.336,0.367,0.336,0.351
2013-07-25,0.359,0.371,0.324,0.328
2013-07-26,0.332,0.348,0.309,0.324
2013-07-29,0.324,0.340,0.305,0.328
2013-07-30,0.344,0.344,0.328,0.328
2013-07-31,0.321,0.356,0.305,0.321
2013-08-01,0.325,0.352,0.309,0.337
2013-08-02,0.333,0.361,0.297,0.305
2013-08-05,0.309,0.325,0.294,0.313
2013-08-06,0.309,0.329,0.298,0.313
2013-08-07,0.317,0.325,0.302,0.317
2013-08-08,0.314,0.325,0.294,0.310
2013-08-09,0.306,0.326,0.298,0.306
2013-08-12,0.314,0.326,0.298,0.318
2013-08-13,0.310,0.350,0.306,0.346
2013-08-14,0.338,0.350,0.322,0.338
2013-08-15,0.330,0.374,0.318,0.358
2013-08-16,0.350,0.371,0.339,0.355
2013-08-19,0.347,0.379,0.343,0.359
2013-08-20,0.355,0.367,0.339,0.347
2013-08-21,0.343,0.388,0.331,0.379
2013-08-22,0.375,0.408,0.363,0.400
2013-08-23,0.396,0.421,0.372,0.384
2013-08-26,0.384,0.405,0.364,0.376
2013-08-27,0.372,0.389,0.356,0.379
2013-08-28,0.379,0.410,0.371,0.399
2013-08-29,0.395,0.418,0.387,0.403
2013-08-30,0.399,0.414,0.375,0.403
2013-09-03,0.426,0.454,0.395,0.422
2013-09-04,0.418,0.482,0.407,0.478
2013-09-05,0.474,0.534,0.466,0.526
2013-09-06,0.522,0.550,0.355,0.467
2013-09-09,0.463,0.475,0.427,0.451
2013-09-10,0.447,0.487,0.439,0.471
2013-09-11,0.475,0.487,0.439,0.451
2013-09-12,0.443,0.479,0.423,0.447
2013-09-13,0.451,0.488,0.415,0.439
2013-09-16,0.443,0.447,0.367,0.395
2013-09-17,0.391,0.411,0.375,0.383
2013-09-18,0.375,0.415,0.246,0.327
2013-09-19,0.331,0.391,0.302,0.343
2013-09-20,0.339,0.367,0.318,0.339
2013-09-23,0.343,0.367,0.314,0.339
2013-09-24,0.330,0.351,0.314,0.347
2013-09-25,0.359,0.379,0.340,0.344
2013-09-26,0.348,0.367,0.332,0.352
2013-09-27,0.348,0.360,0.348,0.348
2013-09-30,0.325,0.356,0.317,0.333
2013-10-01,0.321,0.352,0.317,0.344
2013-10-02,0.337,0.345,0.313,0.333
2013-10-03,0.325,0.345,0.309,0.321
2013-10-04,0.317,0.349,0.305,0.345
2013-10-07,0.325,0.361,0.317,0.353
2013-10-08,0.345,0.405,0.337,0.385
2013-10-09,0.365,0.393,0.357,0.373
2013-10-10,0.365,0.382,0.346,0.358
2013-10-11,0.350,0.366,0.334,0.358
2013-10-15,0.366,0.374,0.342,0.362
2013-10-16,0.354,0.383,0.334,0.338
2013-10-17,0.334,0.346,0.310,0.322
2013-10-18,0.318,0.339,0.303,0.323
2013-10-21,0.319,0.343,0.307,0.319
2013-10-22,0.323,0.335,0.286,0.299
2013-10-23,0.303,0.331,0.287,0.319
2013-10-24,0.323,0.335,0.287,0.315
2013-10-25,0.311,0.328,0.295,0.311
2013-10-28,0.303,0.328,0.299,0.320
2013-10-29,0.311,0.344,0.309,0.317
2013-10-30,0.313,0.336,0.305,0.321
2013-10-31,0.317,0.333,0.305,0.313
2013-11-01,0.309,0.333,0.301,0.321
2013-11-04,0.313,0.321,0.301,0.305
2013-11-05,0.305,0.337,0.297,0.313
2013-11-06,0.302,0.317,0.290,0.302
2013-11-07,0.298,0.310,0.270,0.298
2013-11-08,0.286,0.334,0.278,0.318
2013-11-11,0.290,0.290,0.290,0.290
2013-11-12,0.314,0.354,0.310,0.334
2013-11-13,0.330,0.342,0.302,0.306
2013-11-14,0.302,0.318,0.286,0.298
2013-11-15,0.290,0.310,0.286,0.306
2013-11-18,0.294,0.306,0.274,0.294
2013-11-19,0.286,0.311,0.274,0.298
2013-11-20,0.294,0.315,0.270,0.282
2013-11-21,0.282,0.295,0.266,0.282
2013-11-22,0.278,0.307,0.274,0.299
2013-11-25,0.287,0.307,0.279,0.301
2013-11-26,0.291,0.316,0.289,0.293
2013-11-27,0.297,0.313,0.281,0.289
2013-11-29,0.289,0.321,0.274,0.285
2013-12-02,0.289,0.325,0.274,0.289
2013-12-03,0.293,0.305,0.274,0.286
2013-12-04,0.293,0.325,0.278,0.293
2013-12-05,0.305,0.325,0.290,0.305
2013-12-06,0.306,0.365,0.286,0.302
2013-12-09,0.314,0.322,0.286,0.302
2013-12-10,0.302,0.322,0.290,0.302
2013-12-11,0.306,0.326,0.290,0.310
2013-12-12,0.314,0.350,0.306,0.326
2013-12-13,0.330,0.354,0.318,0.326
2013-12-16,0.326,0.346,0.314,0.334
2013-12-17,0.335,0.347,0.310,0.343
2013-12-18,0.322,0.374,0.316,0.335
2013-12-19,0.339,0.385,0.335,0.370
2013-12-20,0.374,0.405,0.367,0.386
2013-12-23,0.390,0.406,0.371,0.390
2013-12-24,0.387,0.418,0.379,0.406
2013-12-26,0.406,0.430,0.387,0.422
2013-12-27,0.407,0.423,0.387,0.399
2013-12-30,0.395,0.411,0.376,0.391
2013-12-31,0.392,0.411,0.376,0.388
2014-01-02,0.388,0.400,0.376,0.396
2014-01-03,0.389,0.420,0.385,0.408
2014-01-06,0.417,0.425,0.389,0.401
2014-01-07,0.397,0.417,0.389,0.397
2014-01-08,0.397,0.445,0.385,0.437
2014-01-09,0.421,0.453,0.413,0.449
2014-01-10,0.434,0.446,0.370,0.386
2014-01-13,0.382,0.398,0.358,0.366
2014-01-14,0.362,0.402,0.358,0.386
2014-01-15,0.382,0.415,0.374,0.407
2014-01-16,0.395,0.411,0.383,0.395
2014-01-17,0.391,0.407,0.375,0.383
2014-01-21,0.383,0.400,0.331,0.388
2014-01-22,0.388,0.420,0.376,0.408
2014-01-23,0.412,0.412,0.356,0.372
2014-01-24,0.364,0.376,0.307,0.352
2014-01-27,0.348,0.372,0.340,0.356
2014-01-28,0.348,0.379,0.336,0.379
2014-01-29,0.352,0.395,0.344,0.363
2014-01-30,0.363,0.383,0.347,0.348
2014-01-31,0.347,0.363,0.316,0.344
2014-02-03,0.332,0.355,0.296,0.304
2014-02-04,0.304,0.332,0.296,0.324
2014-02-05,0.316,0.335,0.316,0.324
2014-02-06,0.316,0.347,0.308,0.328
2014-02-07,0.327,0.347,0.296,0.307
2014-02-10,0.311,0.327,0.295,0.315
2014-02-11,0.307,0.351,0.307,0.335
2014-02-12,0.331,0.359,0.327,0.343
2014-02-13,0.347,0.351,0.303,0.315
2014-02-14,0.319,0.339,0.307,0.327
2014-02-18,0.327,0.331,0.286,0.303
2014-02-19,0.319,0.335,0.282,0.323
2014-02-20,0.319,0.343,0.306,0.323
2014-02-21,0.330,0.343,0.310,0.322
2014-02-24,0.322,0.338,0.306,0.322
2014-02-25,0.326,0.344,0.302,0.344
2014-02-26,0.318,0.364,0.313,0.328
2014-02-27,0.328,0.340,0.313,0.325
2014-02-28,0.325,0.360,0.309,0.321
2014-03-03,0.301,0.329,0.293,0.305
2014-03-04,0.313,0.345,0.301,0.333
2014-03-05,0.333,0.361,0.317,0.337
2014-03-06,0.337,0.361,0.325,0.345
2014-03-07,0.349,0.429,0.334,0.369
2014-03-10,0.374,0.393,0.358,0.370
2014-03-11,0.378,0.390,0.362,0.378
2014-03-12,0.370,0.390,0.346,0.366
2014-03-13,0.374,0.394,0.326,0.342
2014-03-14,0.346,0.367,0.306,0.346
2014-03-17,0.343,0.383,0.339,0.363
2014-03-18,0.367,0.375,0.339,0.351
2014-03-19,0.347,0.468,0.339,0.420
2014-03-20,0.432,0.452,0.404,0.424
2014-03-21,0.425,0.457,0.412,0.429
2014-03-24,0.445,0.486,0.429,0.437
2014-03-25,0.433,0.469,0.421,0.469
2014-03-26,0.429,0.484,0.429,0.445
2014-03-27,0.441,0.473,0.434,0.453
2014-03-28,0.445,0.469,0.438,0.454
2014-03-31,0.462,0.473,0.418,0.422
2014-04-01,0.430,0.454,0.422,0.434
2014-04-02,0.438,0.470,0.430,0.454
2014-04-03,0.458,0.470,0.438,0.458
2014-04-04,0.462,0.482,0.407,0.415
2014-04-07,0.419,0.435,0.387,0.399
2014-04-08,0.403,0.423,0.387,0.399
2014-04-09,0.403,0.427,0.355,0.371
2014-04-10,0.375,0.379,0.339,0.355
2014-04-11,0.359,0.379,0.339,0.359
2014-04-14,0.355,0.387,0.351,0.367
2014-04-15,0.371,0.399,0.351,0.371
2014-04-16,0.367,0.391,0.359,0.371
2014-04-17,0.375,0.411,0.363,0.403
2014-04-21,0.407,0.416,0.383,0.395
2014-04-22,0.391,0.449,0.383,0.449
2014-04-23,0.453,0.465,0.430,0.445
2014-04-24,0.449,0.465,0.430,0.441
2014-04-25,0.449,0.453,0.422,0.434
2014-04-28,0.442,0.457,0.422,0.430
2014-04-29,0.442,0.458,0.434,0.442
2014-04-30,0.446,0.462,0.407,0.414
2014-05-01,0.418,0.438,0.403,0.410
2014-05-02,0.407,0.474,0.395,0.426
2014-05-05,0.430,0.438,0.407,0.423
2014-05-06,0.431,0.442,0.415,0.427
2014-05-07,0.431,0.443,0.391,0.407
2014-05-08,0.403,0.419,0.375,0.391
2014-05-09,0.387,0.403,0.375,0.387
2014-05-12,0.383,0.419,0.383,0.399
2014-05-13,0.407,0.419,0.371,0.383
2014-05-14,0.387,0.391,0.355,0.371
2014-05-15,0.367,0.391,0.347,0.355
2014-05-16,0.351,0.375,0.347,0.363
2014-05-19,0.371,0.379,0.331,0.351
2014-05-20,0.347,0.363,0.323,0.339
2014-05-21,0.335,0.359,0.331,0.343
2014-05-22,0.347,0.363,0.339,0.347
2014-05-23,0.359,0.363,0.330,0.347
2014-05-27,0.351,0.391,0.334,0.391
2014-05-28,0.387,0.395,0.352,0.371
2014-05-29,0.367,0.387,0.348,0.379
2014-05-30,0.367,0.407,0.359,0.375
2014-06-02,0.375,0.414,0.363,0.391
2014-06-03,0.395,0.418,0.379,0.407
2014-06-04,0.399,0.430,0.375,0.395
2014-06-05,0.391,0.419,0.363,0.383
2014-06-06,0.379,0.419,0.363,0.407
2014-06-09,0.403,0.439,0.403,0.423
2014-06-10,0.427,0.455,0.415,0.443
2014-06-11,0.439,0.463,0.419,0.431
2014-06-12,0.439,0.463,0.399,0.443
2014-06-13,0.451,0.479,0.439,0.451
2014-06-16,0.463,0.488,0.447,0.472
2014-06-17,0.476,0.496,0.460,0.484
2014-06-18,0.492,0.504,0.427,0.452
2014-06-19,0.448,0.476,0.428,0.452
2014-06-20,0.456,0.485,0.448,0.456
2014-06-23,0.464,0.485,0.448,0.468
2014-06-24,0.468,0.500,0.440,0.500
2014-06-25,0.500,0.508,0.469,0.484
2014-06-26,0.484,0.500,0.453,0.469
2014-06-27,0.465,0.476,0.449,0.465
2014-06-30,0.453,0.473,0.449,0.461
2014-07-01,0.465,0.484,0.457,0.469
2014-07-02,0.465,0.496,0.461,0.488
2014-07-03,0.484,0.532,0.457,0.512
2014-07-07,0.524,0.540,0.508,0.520
2014-07-08,0.516,0.528,0.496,0.508
2014-07-09,0.512,0.548,0.472,0.480
2014-07-10,0.484,0.496,0.440,0.460
2014-07-11,0.456,0.468,0.436,0.452
2014-07-14,0.456,0.480,0.436,0.464
2014-07-15,0.464,0.484,0.444,0.480
2014-07-16,0.480,0.504,0.468,0.488
2014-07-17,0.484,0.496,0.444,0.452
2014-07-18,0.464,0.496,0.447,0.484
2014-07-21,0.468,0.512,0.468,0.492
2014-07-22,0.492,0.516,0.468,0.476
2014-07-23,0.484,0.492,0.459,0.472
2014-07-24,0.468,0.512,0.463,0.496
2014-07-25,0.488,0.520,0.484,0.492
2014-07-28,0.492,0.516,0.484,0.504
2014-07-29,0.543,0.575,0.531,0.543
2014-07-30,0.547,0.591,0.535,0.559
2014-07-31,0.555,0.575,0.528,0.532
2014-08-01,0.532,0.547,0.461,0.476
2014-08-04,0.472,0.488,0.457,0.472
2014-08-05,0.476,0.492,0.453,0.472
2014-08-06,0.468,0.488,0.445,0.456
2014-08-07,0.460,0.472,0.425,0.433
2014-08-08,0.437,0.456,0.408,0.448
2014-08-11,0.448,0.464,0.436,0.440
2014-08-12,0.448,0.460,0.428,0.436
2014-08-13,0.444,0.456,0.400,0.412
2014-08-14,0.416,0.428,0.388,0.420
2014-08-15,0.428,0.448,0.387,0.412
2014-08-18,0.412,0.440,0.411,0.419
2014-08-19,0.427,0.444,0.403,0.435
2014-08-20,0.427,0.488,0.423,0.476
2014-08-21,0.472,0.492,0.455,0.468
2014-08-22,0.472,0.508,0.463,0.496
2014-08-25,0.500,0.524,0.484,0.508
2014-08-26,0.504,0.525,0.480,0.496
2014-08-27,0.524,0.531,0.504,0.516
2014-08-28,0.520,0.528,0.496,0.500
2014-08-29,0.508,0.528,0.476,0.492
2014-09-02,0.496,0.540,0.488,0.528
2014-09-03,0.524,0.563,0.504,0.520
2014-09-04,0.516,0.552,0.492,0.536
2014-09-05,0.540,0.564,0.464,0.512
2014-09-08,0.508,0.540,0.488,0.532
2014-09-09,0.540,0.576,0.532,0.560
2014-09-10,0.564,0.596,0.552,0.572
2014-09-11,0.568,0.576,0.536,0.568
2014-09-12,0.564,0.596,0.556,0.564
2014-09-15,0.560,0.576,0.532,0.540
2014-09-16,0.548,0.560,0.520,0.540
2014-09-17,0.544,0.605,0.512,0.573
2014-09-18,0.577,0.605,0.561,0.565
2014-09-19,0.573,0.597,0.553,0.569
2014-09-22,0.561,0.581,0.537,0.553
2014-09-23,0.553,0.569,0.528,0.541
2014-09-24,0.578,0.598,0.570,0.594
2014-09-25,0.590,0.598,0.547,0.555
2014-09-26,0.559,0.606,0.547,0.579
2014-09-29,0.579,0.598,0.555,0.575
2014-09-30,0.571,0.603,0.567,0.567
2014-10-01,0.579,0.595,0.504,0.520
2014-10-02,0.512,0.547,0.504,0.528
2014-10-03,0.524,0.599,0.524,0.556
2014-10-06,0.572,0.579,0.520,0.536
2014-10-07,0.540,0.552,0.492,0.508
2014-10-08,0.512,0.536,0.409,0.460
2014-10-09,0.456,0.468,0.420,0.444
2014-10-10,0.440,0.476,0.420,0.428
2014-10-14,0.404,0.420,0.364,0.372
2014-10-15,0.376,0.388,0.232,0.312
2014-10-16,0.304,0.363,0.263,0.347
2014-10-17,0.351,0.387,0.323,0.375
2014-10-20,0.379,0.387,0.334,0.355
2014-10-21,0.351,0.383,0.326,0.367
2014-10-22,0.366,0.391,0.350,0.366
2014-10-23,0.370,0.415,0.354,0.390
2014-10-24,0.395,0.410,0.362,0.390
2014-10-27,0.394,0.410,0.369,0.386
2014-10-28,0.390,0.410,0.377,0.398
2014-10-29,0.434,0.505,0.410,0.489
2014-10-30,0.493,0.517,0.469,0.473
2014-10-31,0.477,0.517,0.466,0.493
2014-11-03,0.498,0.541,0.490,0.513
2014-11-04,0.518,0.525,0.490,0.522
2014-11-05,0.514,0.546,0.510,0.526
2014-11-06,0.522,0.566,0.518,0.554
2014-11-07,0.559,0.563,0.495,0.503
2014-11-10,0.507,0.551,0.483,0.539
2014-11-12,0.551,0.559,0.511,0.543
2014-11-13,0.539,0.560,0.507,0.527
2014-11-14,0.520,0.560,0.488,0.516
2014-11-17,0.496,0.532,0.488,0.512
2014-11-18,0.508,0.528,0.488,0.508
2014-11-19,0.508,0.553,0.504,0.525
2014-11-20,0.525,0.537,0.496,0.513
2014-11-21,0.513,0.534,0.493,0.505
2014-11-24,0.505,0.530,0.481,0.497
2014-11-25,0.524,0.547,0.489,0.524
2014-11-26,0.520,0.543,0.500,0.528
2014-11-28,0.520,0.524,0.473,0.473
2014-12-01,0.488,0.520,0.449,0.500
2014-12-02,0.496,0.555,0.496,0.543
2014-12-03,0.540,0.571,0.524,0.563
2014-12-04,0.555,0.583,0.528,0.544
2014-12-05,0.548,0.663,0.536,0.643
2014-12-08,0.660,0.680,0.616,0.632
2014-12-09,0.628,0.648,0.584,0.616
2014-12-10,0.620,0.640,0.552,0.572
2014-12-11,0.572,0.632,0.556,0.604
2014-12-12,0.600,0.621,0.520,0.544
2014-12-15,0.548,0.601,0.536,0.580
2014-12-16,0.577,0.589,0.468,0.556
2014-12-17,0.552,0.625,0.516,0.617
2014-12-18,0.621,0.662,0.585,0.637
2014-12-19,0.634,0.658,0.606,0.642
2014-12-22,0.650,0.683,0.626,0.663
2014-12-23,0.703,0.758,0.699,0.754
2014-12-24,0.735,0.762,0.715,0.743
2014-12-26,0.743,0.755,0.712,0.743
2014-12-29,0.743,0.751,0.696,0.712
2014-12-30,0.708,0.720,0.672,0.688
2014-12-31,0.684,0.700,0.665,0.672
2015-01-02,0.716,0.724,0.645,0.681
2015-01-05,0.669,0.697,0.653,0.661
2015-01-06,0.661,0.677,0.593,0.629
2015-01-07,0.633,0.649,0.601,0.613
2015-01-08,0.621,0.649,0.593,0.609
2015-01-09,0.613,0.637,0.541,0.565
2015-01-12,0.569,0.585,0.537,0.549
2015-01-13,0.545,0.573,0.521,0.545
2015-01-14,0.537,0.545,0.457,0.501
2015-01-15,0.500,0.541,0.404,0.412
2015-01-16,0.423,0.500,0.403,0.492
2015-01-20,0.492,0.516,0.443,0.496
2015-01-20,0.492,0.516,0.443,0.496
2015-01-21,0.495,0.532,0.475,0.512
2015-01-22,0.499,0.536,0.483,0.524
2015-01-23,0.523,0.535,0.466,0.491
2015-01-26,0.478,0.535,0.474,0.519
2015-01-27,0.519,0.531,0.482,0.515
2015-01-28,0.519,0.539,0.470,0.470
2015-01-29,0.496,0.551,0.488,0.520
2015-01-30,0.524,0.532,0.445,0.453
2015-02-02,0.461,0.492,0.429,0.457
2015-02-03,0.461,0.524,0.445,0.512
2015-02-04,0.508,0.563,0.441,0.492
2015-02-05,0.472,0.548,0.464,0.524
2015-02-06,0.524,0.668,0.504,0.648
2015-02-09,0.632,0.676,0.600,0.656
2015-02-10,0.648,0.688,0.632,0.656
2015-02-11,0.652,0.688,0.636,0.676
2015-02-12,0.676,0.697,0.596,0.628
2015-02-13,0.629,0.661,0.617,0.645
2015-02-17,0.645,0.730,0.617,0.682
2015-02-18,0.667,0.694,0.565,0.613
2015-02-19,0.602,0.654,0.569,0.621
2015-02-20,0.634,0.667,0.565,0.638
2015-02-23,0.638,0.663,0.590,0.606
2015-02-24,0.606,0.651,0.537,0.557
2015-02-25,0.598,0.634,0.586,0.606
2015-02-26,0.606,0.661,0.590,0.649
2015-02-27,0.638,0.678,0.615,0.626
2015-03-02,0.642,0.670,0.623,0.666
2015-03-03,0.662,0.698,0.643,0.682
2015-03-04,0.683,0.698,0.647,0.659
2015-03-05,0.655,0.679,0.627,0.643
2015-03-06,0.648,0.743,0.572,0.727
2015-03-09,0.728,0.740,0.684,0.692
2015-03-10,0.708,0.720,0.664,0.684
2015-03-11,0.676,0.724,0.664,0.684
2015-03-12,0.680,0.697,0.636,0.672
2015-03-13,0.676,0.705,0.629,0.661
2015-03-16,0.657,0.677,0.629,0.653
2015-03-17,0.657,0.682,0.633,0.674
2015-03-18,0.670,0.694,0.532,0.548
2015-03-19,0.553,0.642,0.528,0.613
2015-03-20,0.609,0.622,0.569,0.585
2015-03-23,0.590,0.602,0.557,0.573
2015-03-24,0.577,0.602,0.541,0.557
2015-03-25,0.578,0.613,0.555,0.606
2015-03-26,0.602,0.629,0.586,0.614
2015-03-27,0.614,0.626,0.575,0.598
2015-03-30,0.591,0.606,0.555,0.583
2015-03-31,0.583,0.591,0.543,0.559
2015-04-01,0.567,0.583,0.524,0.539
2015-04-02,0.540,0.559,0.520,0.543
2015-04-03,0.544,0.552,0.468,0.480
2015-04-06,0.488,0.516,0.468,0.500
2015-04-07,0.504,0.544,0.488,0.520
2015-04-08,0.524,0.556,0.512,0.536
2015-04-09,0.536,0.572,0.520,0.552
2015-04-10,0.556,0.568,0.536,0.556
2015-04-13,0.560,0.584,0.520,0.532
2015-04-14,0.544,0.552,0.492,0.516
2015-04-15,0.520,0.524,0.488,0.500
2015-04-16,0.508,0.520,0.480,0.496
2015-04-17,0.488,0.524,0.464,0.512
2015-04-20,0.516,0.541,0.492,0.524
2015-04-21,0.532,0.545,0.504,0.520
2015-04-22,0.520,0.565,0.508,0.549
2015-04-23,0.553,0.565,0.516,0.533
2015-04-24,0.537,0.557,0.496,0.504
2015-04-27,0.516,0.541,0.500,0.539
2015-04-28,0.539,0.575,0.535,0.563
2015-04-29,0.559,0.606,0.547,0.567
2015-04-30,0.559,0.622,0.551,0.571
2015-05-01,0.583,0.619,0.575,0.599
2015-05-04,0.591,0.623,0.583,0.603
2015-05-05,0.607,0.647,0.579,0.627
2015-05-06,0.631,0.655,0.603,0.639
2015-05-07,0.635,0.667,0.615,0.635
2015-05-08,0.640,0.652,0.560,0.568
2015-05-11,0.576,0.628,0.560,0.620
2015-05-12,0.624,0.652,0.588,0.596
2015-05-13,0.600,0.624,0.556,0.580
2015-05-14,0.580,0.588,0.528,0.548
2015-05-15,0.548,0.569,0.520,0.540
2015-05-18,0.536,0.589,0.528,0.581
2015-05-19,0.581,0.630,0.557,0.617
2015-05-20,0.601,0.626,0.573,0.589
2015-05-21,0.581,0.601,0.557,0.577
2015-05-22,0.573,0.635,0.565,0.618
2015-05-26,0.614,0.655,0.598,0.614
2015-05-27,0.653,0.680,0.637,0.649
2015-05-28,0.653,0.668,0.613,0.633
2015-05-29,0.637,0.645,0.594,0.609
2015-06-01,0.613,0.661,0.593,0.649
2015-06-02,0.653,0.680,0.637,0.657
2015-06-03,0.653,0.712,0.645,0.673
2015-06-04,0.669,0.704,0.641,0.665
2015-06-05,0.665,0.801,0.657,0.717
2015-06-08,0.729,0.733,0.673,0.685
2015-06-09,0.689,0.737,0.669,0.721
2015-06-10,0.721,0.753,0.709,0.729
2015-06-11,0.725,0.806,0.709,0.717
2015-06-12,0.722,0.754,0.701,0.730
2015-06-15,0.710,0.726,0.673,0.706
2015-06-16,0.706,0.722,0.669,0.690
2015-06-17,0.694,0.767,0.637,0.649
2015-06-18,0.653,0.674,0.621,0.637
2015-06-19,0.633,0.653,0.589,0.621
2015-06-22,0.637,0.678,0.621,0.662
2015-06-23,0.666,0.702,0.649,0.676
2015-06-24,0.692,0.719,0.668,0.684
2015-06-25,0.676,0.727,0.668,0.688
2015-06-26,0.684,0.731,0.676,0.716
2015-06-29,0.637,0.684,0.617,0.641
2015-06-30,0.633,0.676,0.621,0.645
2015-07-01,0.661,0.708,0.633,0.692
2015-07-02,0.696,0.712,0.617,0.629
2015-07-06,0.577,0.625,0.562,0.593
2015-07-07,0.605,0.613,0.549,0.589
2015-07-08,0.589,0.601,0.541,0.545
2015-07-09,0.549,0.601,0.541,0.589
2015-07-10,0.617,0.673,0.597,0.641
2015-07-13,0.637,0.697,0.625,0.681
2015-07-14,0.677,0.693,0.629,0.641
2015-07-15,0.633,0.689,0.621,0.625
2015-07-16,0.649,0.677,0.637,0.657
2015-07-17,0.661,0.698,0.649,0.670
2015-07-20,0.670,0.722,0.666,0.710
2015-07-21,0.702,0.727,0.666,0.682
2015-07-22,0.682,0.739,0.671,0.739
2015-07-23,0.715,0.731,0.690,0.698
2015-07-24,0.703,0.719,0.662,0.686
2015-07-27,0.691,0.707,0.641,0.654
2015-07-28,0.654,0.691,0.650,0.670
2015-07-29,0.684,0.727,0.676,0.712
2015-07-30,0.708,0.751,0.708,0.731
2015-07-31,0.740,0.760,0.657,0.665
2015-08-03,0.673,0.704,0.649,0.669
2015-08-04,0.665,0.748,0.665,0.732
2015-08-05,0.736,0.764,0.708,0.728
2015-08-06,0.737,0.741,0.693,0.705
2015-08-07,0.705,0.757,0.689,0.733
2015-08-10,0.721,0.753,0.701,0.725
2015-08-11,0.725,0.733,0.653,0.673
2015-08-12,0.673,0.689,0.617,0.669
2015-08-13,0.661,0.729,0.645,0.713
2015-08-14,0.710,0.746,0.698,0.726
2015-08-17,0.726,0.742,0.690,0.710
2015-08-18,0.706,0.738,0.694,0.722
2015-08-19,0.726,0.747,0.641,0.670
2015-08-20,0.670,0.686,0.641,0.657
2015-08-21,0.670,0.670,0.609,0.621
2015-08-24,0.613,0.621,0.552,0.572
2015-08-25,0.584,0.658,0.580,0.605
2015-08-26,0.645,0.703,0.621,0.684
2015-08-27,0.668,0.719,0.649,0.704
2015-08-28,0.688,0.743,0.660,0.716
2015-08-31,0.740,0.763,0.696,0.740
2015-09-01,0.736,0.744,0.696,0.708
2015-09-02,0.708,0.740,0.684,0.716
2015-09-03,0.712,0.724,0.677,0.692
2015-09-04,0.709,0.745,0.633,0.713
2015-09-08,0.697,0.749,0.693,0.737
2015-09-09,0.729,0.769,0.721,0.745
2015-09-10,0.741,0.769,0.717,0.733
2015-09-11,0.734,0.746,0.693,0.709
2015-09-14,0.718,0.746,0.693,0.730
2015-09-15,0.730,0.819,0.710,0.807
2015-09-16,0.803,0.827,0.766,0.811
2015-09-17,0.815,0.827,0.673,0.682
2015-09-18,0.690,0.706,0.653,0.686
2015-09-21,0.678,0.727,0.678,0.710
2015-09-22,0.706,0.723,0.649,0.678
2015-09-23,0.703,0.723,0.676,0.703
2015-09-24,0.715,0.715,0.660,0.711
2015-09-25,0.727,0.739,0.684,0.700
2015-09-28,0.700,0.716,0.664,0.672
2015-09-29,0.672,0.688,0.637,0.660
2015-09-30,0.653,0.688,0.629,0.633
2015-10-01,0.637,0.665,0.621,0.649
2015-10-02,0.653,0.677,0.534,0.585
2015-10-05,0.581,0.633,0.570,0.609
2015-10-06,0.613,0.629,0.589,0.601
2015-10-07,0.601,0.653,0.601,0.629
2015-10-08,0.633,0.657,0.589,0.641
2015-10-09,0.633,0.669,0.621,0.641
2015-10-13,0.637,0.649,0.605,0.613
2015-10-14,0.617,0.633,0.541,0.561
2015-10-15,0.553,0.617,0.549,0.601
2015-10-16,0.601,0.637,0.585,0.613
2015-10-19,0.605,0.629,0.585,0.593
2015-10-20,0.585,0.653,0.585,0.633
2015-10-21,0.629,0.645,0.601,0.625
2015-10-22,0.629,0.653,0.580,0.605
2015-10-23,0.617,0.666,0.605,0.641
2015-10-26,0.641,0.658,0.617,0.641
2015-10-27,0.637,0.650,0.600,0.629
2015-10-28,0.621,0.723,0.613,0.707
2015-10-29,0.719,0.744,0.695,0.728
2015-10-30,0.724,0.761,0.699,0.736
2015-11-02,0.741,0.778,0.724,0.753
2015-11-03,0.762,0.791,0.749,0.770
2015-11-04,0.766,0.832,0.762,0.808
2015-11-05,0.846,0.865,0.818,0.830
2015-11-06,0.830,0.926,0.818,0.902
2015-11-09,0.898,0.930,0.862,0.886
2015-11-10,0.882,0.899,0.842,0.866
2015-11-12,0.875,0.903,0.850,0.875
2015-11-13,0.887,0.891,0.835,0.847
2015-11-16,0.823,0.875,0.815,0.847
2015-11-17,0.859,0.904,0.835,0.867
2015-11-18,0.859,0.916,0.851,0.880
2015-11-19,0.888,0.912,0.856,0.896
2015-11-20,0.897,0.934,0.864,0.921
2015-11-23,0.909,0.954,0.905,0.913
2015-11-24,0.957,0.969,0.899,0.930
2015-11-25,0.934,0.962,0.910,0.942
2015-11-26,0.938,0.938,0.938,0.938
2015-11-27,0.938,0.946,0.915,0.922
2015-11-30,0.926,0.958,0.903,0.934
2015-12-01,0.938,0.958,0.883,0.919
2015-12-02,0.927,0.966,0.919,0.946
2015-12-03,0.943,1.006,0.931,0.955
2015-12-04,0.947,0.999,0.907,0.955
2015-12-07,0.959,0.975,0.907,0.923
2015-12-08,0.939,0.963,0.915,0.935
2015-12-09,0.943,0.959,0.907,0.919
2015-12-10,0.927,0.967,0.915,0.955
2015-12-11,0.952,0.964,0.871,0.887
2015-12-14,0.895,0.968,0.887,0.948
2015-12-15,0.944,1.000,0.936,0.968
2015-12-16,0.968,1.033,0.960,1.005
2015-12-17,1.009,1.025,0.976,0.988
2015-12-18,0.997,0.997,0.932,0.948
2015-12-21,0.969,0.981,0.932,0.961
2015-12-22,0.957,0.985,0.936,0.977
2015-12-23,0.977,1.006,0.965,0.985
2015-12-24,0.994,1.027,0.982,0.998
2015-12-28,1.023,1.040,0.994,1.019
2015-12-29,1.059,1.111,1.044,1.095
2015-12-30,1.087,1.123,1.063,1.075
2015-12-31,1.076,1.092,1.024,1.060
2016-01-04,1.076,1.080,1.000,1.040
2016-01-05,1.032,1.064,1.008,1.016
2016-01-06,1.016,1.028,0.968,0.980
2016-01-07,0.984,1.012,0.936,0.952
2016-01-08,0.960,1.016,0.912,0.932
2016-01-11,0.940,0.972,0.904,0.936
2016-01-12,0.944,0.976,0.895,0.928
2016-01-13,0.936,0.960,0.891,0.907
2016-01-14,0.907,0.931,0.879,0.899
2016-01-15,0.899,0.907,0.802,0.854
2016-01-19,0.850,0.898,0.842,0.866
2016-01-20,0.874,0.874,0.793,0.829
2016-01-20,0.874,0.874,0.793,0.829
2016-01-21,0.841,0.862,0.801,0.841
2016-01-22,0.853,0.898,0.828,0.873
2016-01-25,0.877,0.894,0.844,0.861
2016-01-26,0.861,0.885,0.820,0.848
2016-01-27,0.844,0.896,0.829,0.844
2016-01-28,0.837,0.860,0.805,0.825
2016-01-29,0.833,0.833,0.762,0.778
2016-02-01,0.778,0.825,0.766,0.805
2016-02-02,0.798,0.806,0.730,0.738
2016-02-03,0.742,0.770,0.683,0.726
2016-02-04,0.722,0.742,0.691,0.702
2016-02-05,0.698,0.778,0.682,0.730
2016-02-08,0.742,0.750,0.642,0.670
2016-02-09,0.662,0.706,0.626,0.694
2016-02-10,0.698,0.762,0.658,0.690
2016-02-11,0.682,0.694,0.578,0.658
2016-02-12,0.658,0.730,0.641,0.710
2016-02-16,0.722,0.742,0.685,0.726
2016-02-17,0.722,0.782,0.689,0.746
2016-02-18,0.738,0.770,0.685,0.697
2016-02-19,0.709,0.770,0.685,0.746
2016-02-22,0.750,0.795,0.738,0.754
2016-02-23,0.750,0.787,0.721,0.754
2016-02-24,0.750,0.774,0.691,0.766
2016-02-25,0.750,0.766,0.707,0.730
2016-02-26,0.742,0.829,0.730,0.805
2016-02-29,0.805,0.829,0.770,0.782
2016-03-01,0.778,0.865,0.758,0.849
2016-03-02,0.829,0.885,0.825,0.845
2016-03-03,0.849,0.873,0.821,0.849
2016-03-04,0.854,0.898,0.830,0.862
2016-03-07,0.882,0.926,0.874,0.906
2016-03-08,0.914,0.914,0.850,0.870
2016-03-09,0.866,0.914,0.866,0.890
2016-03-10,0.882,0.955,0.870,0.935
2016-03-11,0.931,0.976,0.911,0.955
2016-03-14,0.968,0.980,0.944,0.960
2016-03-15,0.968,0.984,0.920,0.972
2016-03-16,0.964,1.013,0.847,0.859
2016-03-17,0.855,0.888,0.790,0.867
2016-03-18,0.863,0.875,0.819,0.839
2016-03-21,0.835,0.884,0.831,0.884
2016-03-22,0.892,0.938,0.823,0.893
2016-03-23,0.889,0.905,0.844,0.864
2016-03-24,0.856,0.889,0.844,0.885
2016-03-28,0.882,0.898,0.849,0.869
2016-03-29,0.879,0.895,0.773,0.788
2016-03-30,0.784,0.812,0.749,0.757
2016-03-31,0.753,0.776,0.721,0.725
2016-04-01,0.724,0.784,0.724,0.736
2016-04-04,0.736,0.772,0.728,0.736
2016-04-05,0.740,0.748,0.704,0.724
2016-04-06,0.728,0.768,0.716,0.740
2016-04-07,0.740,0.751,0.680,0.692
2016-04-08,0.699,0.731,0.687,0.703
2016-04-11,0.703,0.727,0.683,0.703
2016-04-12,0.711,0.751,0.699,0.739
2016-04-13,0.750,0.770,0.722,0.750
2016-04-14,0.754,0.786,0.742,0.774
2016-04-15,0.766,0.778,0.721,0.738
2016-04-18,0.725,0.762,0.709,0.746
2016-04-19,0.749,0.782,0.733,0.762
2016-04-20,0.757,0.810,0.741,0.798
2016-04-21,0.802,0.826,0.786,0.806
2016-04-22,0.801,0.838,0.797,0.822
2016-04-25,0.834,0.846,0.805,0.838
2016-04-26,0.848,0.880,0.833,0.868
2016-04-27,0.860,0.880,0.813,0.821
2016-04-28,0.817,0.837,0.770,0.789
2016-04-29,0.790,0.813,0.762,0.782
2016-05-02,0.786,0.813,0.762,0.798
2016-05-03,0.790,0.798,0.734,0.758
2016-05-04,0.762,0.778,0.726,0.742
2016-05-05,0.738,0.770,0.706,0.722
2016-05-06,0.730,0.754,0.674,0.734
2016-05-09,0.742,0.750,0.694,0.706
2016-05-10,0.710,0.746,0.706,0.726
2016-05-11,0.730,0.746,0.706,0.734
2016-05-12,0.726,0.782,0.722,0.758
2016-05-13,0.762,0.786,0.738,0.746
2016-05-16,0.746,0.807,0.746,0.790
2016-05-17,0.794,0.843,0.778,0.835
2016-05-18,0.831,0.924,0.823,0.896
2016-05-19,0.896,0.921,0.856,0.884
2016-05-20,0.893,0.913,0.864,0.880
2016-05-23,0.885,0.926,0.868,0.901
2016-05-24,0.901,0.946,0.889,0.926
2016-05-25,0.930,0.946,0.805,0.922
2016-05-26,0.922,0.926,0.859,0.871
2016-05-27,0.875,0.915,0.863,0.915
2016-05-31,0.934,0.946,0.859,0.879
2016-06-01,0.887,0.931,0.855,0.907
2016-06-02,0.903,0.919,0.867,0.891
2016-06-03,0.895,0.907,0.752,0.776
2016-06-06,0.775,0.831,0.772,0.803
2016-06-07,0.795,0.815,0.759,0.787
2016-06-08,0.791,0.803,0.763,0.779
2016-06-09,0.783,0.791,0.747,0.771
2016-06-10,0.767,0.783,0.723,0.731
2016-06-13,0.722,0.734,0.694,0.710
2016-06-14,0.726,0.738,0.674,0.726
2016-06-15,0.726,0.758,0.654,0.666
2016-06-16,0.669,0.714,0.645,0.689
2016-06-17,0.689,0.717,0.673,0.697
2016-06-20,0.717,0.749,0.697,0.737
2016-06-21,0.750,0.777,0.723,0.766
2016-06-22,0.770,0.777,0.734,0.750
2016-06-23,0.762,0.801,0.746,0.778
2016-06-24,0.755,0.759,0.500,0.629
2016-06-27,0.609,0.617,0.551,0.598
2016-06-28,0.601,0.641,0.586,0.617
2016-06-29,0.613,0.649,0.609,0.641
2016-06-30,0.641,0.661,0.578,0.586
2016-07-01,0.585,0.613,0.554,0.597
2016-07-05,0.589,0.597,0.542,0.554
2016-07-06,0.554,0.597,0.530,0.581
2016-07-07,0.573,0.625,0.573,0.593
2016-07-08,0.601,0.665,0.581,0.609
2016-07-11,0.621,0.669,0.613,0.657
2016-07-12,0.657,0.709,0.641,0.689
2016-07-13,0.689,0.697,0.645,0.669
2016-07-14,0.665,0.714,0.653,0.677
2016-07-15,0.678,0.722,0.661,0.673
2016-07-18,0.682,0.706,0.669,0.694
2016-07-19,0.686,0.714,0.661,0.690
2016-07-20,0.694,0.730,0.682,0.714
2016-07-21,0.710,0.739,0.674,0.682
2016-07-22,0.686,0.723,0.670,0.719
2016-07-25,0.723,0.752,0.703,0.739
2016-07-26,0.766,0.785,0.742,0.758
2016-07-27,0.754,0.781,0.711,0.730
2016-07-28,0.730,0.746,0.707,0.711
2016-07-29,0.707,0.754,0.648,0.659
2016-08-01,0.663,0.703,0.655,0.687
2016-08-02,0.691,0.710,0.659,0.683
2016-08-03,0.691,0.695,0.659,0.671
2016-08-04,0.667,0.695,0.631,0.647
2016-08-05,0.651,0.742,0.639,0.730
2016-08-08,0.730,0.746,0.706,0.730
2016-08-09,0.730,0.746,0.698,0.710
2016-08-10,0.714,0.722,0.678,0.686
2016-08-11,0.694,0.754,0.682,0.746
2016-08-12,0.754,0.754,0.674,0.698
2016-08-15,0.706,0.746,0.690,0.730
2016-08-16,0.730,0.754,0.686,0.750
2016-08-17,0.742,0.782,0.710,0.730
2016-08-18,0.730,0.742,0.693,0.706
2016-08-19,0.718,0.766,0.709,0.754
2016-08-22,0.774,0.787,0.722,0.742
2016-08-23,0.750,0.766,0.730,0.742
2016-08-24,0.758,0.781,0.738,0.774
2016-08-25,0.766,0.805,0.750,0.793
2016-08-26,0.785,0.856,0.766,0.845
2016-08-29,0.853,0.860,0.801,0.805
2016-08-30,0.821,0.837,0.789,0.797
2016-08-31,0.801,0.825,0.774,0.809
2016-09-01,0.813,0.825,0.774,0.786
2016-09-02,0.782,0.822,0.738,0.794
2016-09-06,0.798,0.814,0.718,0.730
2016-09-07,0.734,0.754,0.714,0.738
2016-09-08,0.738,0.786,0.730,0.774
2016-09-09,0.774,0.814,0.762,0.786
2016-09-12,0.778,0.810,0.758,0.770
2016-09-13,0.766,0.818,0.734,0.806
2016-09-14,0.798,0.806,0.742,0.762
2016-09-15,0.758,0.778,0.718,0.730
2016-09-16,0.726,0.786,0.714,0.770
2016-09-19,0.799,0.799,0.750,0.778
2016-09-20,0.783,0.795,0.758,0.778
2016-09-21,0.783,0.823,0.762,0.774
2016-09-22,0.783,0.792,0.750,0.774
2016-09-23,0.783,0.795,0.746,0.754
2016-09-26,0.762,0.766,0.717,0.738
2016-09-27,0.766,0.778,0.726,0.746
2016-09-28,0.754,0.774,0.730,0.758
2016-09-29,0.770,0.789,0.722,0.734
2016-09-30,0.738,0.774,0.718,0.766
2016-10-03,0.778,0.810,0.766,0.794
2016-10-04,0.802,0.841,0.790,0.826
2016-10-05,0.826,0.865,0.810,0.838
2016-10-06,0.842,0.870,0.830,0.854
2016-10-07,0.850,0.870,0.818,0.834
2016-10-09,0.834,0.834,0.834,0.854
2016-10-11,0.870,0.887,0.846,0.870
2016-10-12,0.875,0.899,0.855,0.863
2016-10-13,0.867,0.867,0.822,0.839
2016-10-14,0.847,0.871,0.807,0.843
2016-10-17,0.835,0.867,0.799,0.815
2016-10-18,0.827,0.839,0.791,0.803
2016-10-19,0.799,0.835,0.782,0.799
2016-10-20,0.807,0.839,0.791,0.823
2016-10-21,0.832,0.852,0.807,0.828
2016-10-24,0.836,0.860,0.803,0.844
2016-10-25,0.848,0.873,0.828,0.852
2016-10-26,0.860,0.891,0.852,0.868
2016-10-27,0.876,0.911,0.864,0.888
2016-10-28,0.896,0.908,0.837,0.857
2016-10-31,0.853,0.873,0.829,0.845
2016-11-01,0.853,0.881,0.817,0.837
2016-11-02,0.829,0.845,0.806,0.821
2016-11-03,0.821,0.837,0.798,0.810
2016-11-04,0.814,0.846,0.778,0.794
2016-11-07,0.838,0.842,0.798,0.822
2016-11-08,0.818,0.882,0.814,0.858
2016-11-09,0.866,0.918,0.714,0.894
2016-11-10,0.890,0.935,0.850,0.919
2016-11-14,0.980,1.021,0.956,1.013
2016-11-15,1.005,1.037,0.972,1.001
2016-11-16,1.001,1.042,0.981,1.005
2016-11-17,1.010,1.050,0.985,1.046
2016-11-18,1.047,1.084,1.015,1.072
2016-11-21,1.085,1.097,1.044,1.077
2016-11-22,1.071,1.114,1.067,1.094
2016-11-23,1.094,1.158,1.083,1.126
2016-11-25,1.150,1.174,1.111,1.119
2016-11-28,1.119,1.135,1.099,1.103
2016-11-29,1.107,1.234,1.087,1.087
2016-11-30,1.095,1.151,1.083,1.119
2016-12-01,1.119,1.179,1.111,1.151
2016-12-02,1.144,1.160,1.092,1.100
2016-12-05,1.104,1.156,1.076,1.124
2016-12-06,1.128,1.144,1.104,1.124
2016-12-07,1.116,1.132,1.084,1.100
2016-12-08,1.104,1.152,1.084,1.108
2016-12-09,1.113,1.153,1.093,1.137
2016-12-12,1.153,1.178,1.121,1.145
2016-12-13,1.141,1.182,1.125,1.166
2016-12-14,1.170,1.288,1.142,1.275
2016-12-15,1.268,1.321,1.243,1.276
2016-12-16,1.277,1.281,1.224,1.257
2016-12-19,1.253,1.261,1.208,1.228
2016-12-20,1.229,1.265,1.208,1.220
2016-12-21,1.225,1.237,1.180,1.192
2016-12-22,1.192,1.229,1.176,1.196
2016-12-23,1.202,1.222,1.185,1.206
2016-12-27,1.210,1.252,1.202,1.231
2016-12-28,1.274,1.302,1.250,1.258
2016-12-29,1.262,1.266,1.210,1.218
2016-12-30,1.218,1.234,1.190,1.206
2017-01-01,1.206,1.206,1.206,1.218
2017-01-03,1.206,1.258,1.198,1.218
2017-01-04,1.222,1.254,1.206,1.218
2017-01-05,1.222,1.238,1.158,1.166
2017-01-06,1.170,1.234,1.154,1.214
2017-01-09,1.218,1.226,1.174,1.186
2017-01-10,1.190,1.218,1.170,1.190
2017-01-11,1.186,1.214,1.149,1.190
2017-01-12,1.181,1.185,1.145,1.177
2017-01-13,1.185,1.234,1.153,1.197
2017-01-15,1.197,1.197,1.197,1.177
2017-01-17,1.181,1.193,1.136,1.152
2017-01-18,1.156,1.230,1.148,1.221
2017-01-19,1.226,1.258,1.209,1.226
2017-01-20,1.234,1.254,1.176,1.193
2017-01-20,1.234,1.254,1.176,1.193
2017-01-23,1.193,1.205,1.131,1.148
2017-01-24,1.151,1.205,1.147,1.192
2017-01-25,1.220,1.271,1.208,1.235
2017-01-26,1.232,1.263,1.208,1.228
2017-01-27,1.220,1.252,1.204,1.220
2017-01-30,1.220,1.232,1.185,1.216
2017-01-31,1.224,1.224,1.177,1.212
2017-02-01,1.209,1.272,1.201,1.217
2017-02-02,1.225,1.229,1.173,1.209
2017-02-03,1.221,1.237,1.161,1.201
2017-02-06,1.201,1.209,1.137,1.153
2017-02-07,1.149,1.185,1.137,1.169
2017-02-08,1.169,1.185,1.133,1.145
2017-02-09,1.149,1.201,1.145,1.181
2017-02-10,1.194,1.210,1.177,1.194
2017-02-13,1.206,1.230,1.190,1.206
2017-02-14,1.202,1.263,1.194,1.242
2017-02-15,1.234,1.279,1.198,1.251
2017-02-16,1.255,1.259,1.194,1.206
2017-02-17,1.215,1.227,1.174,1.190
2017-02-21,1.203,1.235,1.194,1.211
2017-02-22,1.235,1.251,1.196,1.220
2017-02-23,1.216,1.236,1.168,1.184
2017-02-24,1.184,1.196,1.125,1.149
2017-02-27,1.153,1.208,1.145,1.192
2017-02-28,1.189,1.284,1.173,1.264
2017-03-01,1.296,1.320,1.268,1.288
2017-03-02,1.300,1.348,1.280,1.312
2017-03-03,1.321,1.353,1.293,1.309
2017-03-06,1.301,1.321,1.285,1.309
2017-03-07,1.306,1.342,1.298,1.330
2017-03-08,1.338,1.399,1.322,1.358
2017-03-09,1.363,1.403,1.346,1.383
2017-03-10,1.380,1.392,1.343,1.351
2017-03-13,1.364,1.392,1.331,1.376
2017-03-14,1.384,1.397,1.360,1.385
2017-03-15,1.380,1.409,1.263,1.299
2017-03-16,1.303,1.353,1.292,1.336
2017-03-17,1.340,1.354,1.292,1.325
2017-03-20,1.313,1.333,1.284,1.292
2017-03-21,1.288,1.317,1.252,1.268
2017-03-22,1.260,1.281,1.235,1.252
2017-03-23,1.256,1.281,1.227,1.260
2017-03-24,1.256,1.286,1.232,1.253
2017-03-27,1.240,1.273,1.220,1.257
2017-03-28,1.266,1.321,1.250,1.305
2017-03-29,1.302,1.317,1.258,1.274
2017-03-30,1.282,1.298,1.258,1.290
2017-03-31,1.278,1.306,1.250,1.254
2017-04-03,1.262,1.286,1.222,1.230
2017-04-04,1.234,1.274,1.226,1.258
2017-04-05,1.262,1.290,1.218,1.238
2017-04-06,1.242,1.266,1.222,1.242
2017-04-07,1.258,1.302,1.194,1.286
2017-04-10,1.290,1.302,1.258,1.274
2017-04-11,1.270,1.274,1.218,1.234
2017-04-12,1.238,1.262,1.198,1.206
2017-04-13,1.209,1.234,1.189,1.210
2017-04-17,1.189,1.213,1.173,1.205
2017-04-18,1.201,1.217,1.152,1.169
2017-04-19,1.177,1.201,1.160,1.181
2017-04-20,1.185,1.213,1.168,1.189
2017-04-21,1.201,1.205,1.156,1.188
2017-04-24,1.258,1.270,1.217,1.234
2017-04-25,1.229,1.291,1.229,1.275
2017-04-26,1.282,1.309,1.254,1.274
2017-04-27,1.278,1.298,1.254,1.262
2017-04-28,1.258,1.306,1.250,1.266
2017-05-01,1.278,1.302,1.258,1.282
2017-05-02,1.270,1.302,1.250,1.262
2017-05-03,1.266,1.326,1.262,1.298
2017-05-04,1.302,1.342,1.290,1.314
2017-05-05,1.302,1.342,1.298,1.310
2017-05-08,1.334,1.355,1.306,1.338
2017-05-09,1.343,1.367,1.319,1.347
2017-05-10,1.347,1.371,1.327,1.359
2017-05-11,1.363,1.383,1.323,1.343
2017-05-12,1.339,1.347,1.278,1.295
2017-05-15,1.299,1.319,1.278,1.303
2017-05-16,1.307,1.327,1.278,1.303
2017-05-17,1.274,1.295,1.230,1.246
2017-05-18,1.254,1.287,1.217,1.270
2017-05-19,1.279,1.311,1.258,1.274
2017-05-22,1.283,1.307,1.266,1.287
2017-05-23,1.275,1.332,1.266,1.307
2017-05-24,1.309,1.345,1.270,1.286
2017-05-25,1.282,1.317,1.266,1.297
2017-05-26,1.302,1.317,1.274,1.302
2017-05-30,1.310,1.310,1.262,1.286
2017-05-31,1.294,1.314,1.254,1.286
2017-06-01,1.290,1.322,1.282,1.294
2017-06-02,1.294,1.314,1.262,1.294
2017-06-05,1.298,1.318,1.286,1.306
2017-06-06,1.314,1.314,1.270,1.302
2017-06-07,1.298,1.326,1.286,1.314
2017-06-08,1.322,1.351,1.298,1.314
2017-06-09,1.319,1.359,1.302,1.339
2017-06-12,1.351,1.371,1.331,1.359
2017-06-13,1.367,1.384,1.347,1.367
2017-06-14,1.364,1.376,1.282,1.339
2017-06-15,1.331,1.376,1.331,1.356
2017-06-16,1.356,1.380,1.303,1.315
2017-06-19,1.315,1.381,1.307,1.360
2017-06-20,1.364,1.385,1.324,1.348
2017-06-21,1.360,1.377,1.340,1.352
2017-06-22,1.357,1.365,1.328,1.344
2017-06-23,1.357,1.361,1.328,1.353
2017-06-26,1.353,1.369,1.328,1.336
2017-06-27,1.353,1.389,1.345,1.373
2017-06-28,1.369,1.393,1.341,1.357
2017-06-29,1.349,1.401,1.345,1.373
2017-06-30,1.366,1.398,1.346,1.386
2017-07-03,1.394,1.422,1.378,1.414
2017-07-05,1.410,1.430,1.394,1.406
2017-07-06,1.407,1.439,1.394,1.398
2017-07-07,1.407,1.427,1.383,1.403
2017-07-10,1.407,1.415,1.367,1.387
2017-07-11,1.391,1.416,1.363,1.391
2017-07-12,1.379,1.383,1.331,1.347
2017-07-13,1.347,1.380,1.331,1.363
2017-07-14,1.364,1.384,1.315,1.364
2017-07-17,1.360,1.388,1.335,1.360
2017-07-18,1.368,1.372,1.336,1.352
2017-07-19,1.360,1.372,1.340,1.360
2017-07-20,1.360,1.373,1.336,1.352
2017-07-21,1.369,1.369,1.332,1.340
2017-07-24,1.344,1.377,1.336,1.357
2017-07-25,1.361,1.406,1.357,1.390
2017-07-26,1.403,1.411,1.336,1.363
2017-07-27,1.355,1.387,1.339,1.367
2017-07-28,1.359,1.383,1.335,1.355
2017-07-31,1.351,1.375,1.335,1.355
2017-08-01,1.351,1.371,1.335,1.343
2017-08-02,1.347,1.379,1.339,1.363
2017-08-03,1.367,1.371,1.331,1.343
2017-08-04,1.351,1.379,1.335,1.347
2017-08-07,1.355,1.379,1.339,1.355
2017-08-08,1.355,1.379,1.339,1.359
2017-08-09,1.355,1.363,1.303,1.339
2017-08-10,1.343,1.355,1.311,1.327
2017-08-11,1.334,1.343,1.278,1.298
2017-08-14,1.298,1.343,1.282,1.326
2017-08-15,1.330,1.367,1.314,1.355
2017-08-16,1.351,1.371,1.314,1.334
2017-08-17,1.330,1.359,1.285,1.302
2017-08-18,1.310,1.330,1.281,1.314
2017-08-21,1.322,1.334,1.285,1.309
2017-08-22,1.318,1.342,1.297,1.334
2017-08-23,1.334,1.342,1.297,1.305
2017-08-24,1.309,1.346,1.305,1.334
2017-08-25,1.342,1.354,1.317,1.338
2017-08-28,1.346,1.354,1.317,1.334
2017-08-29,1.325,1.337,1.290,1.317
2017-08-30,1.326,1.361,1.314,1.329
2017-08-31,1.326,1.353,1.306,1.330
2017-09-01,1.338,1.366,1.298,1.346
2017-09-05,1.330,1.346,1.278,1.286
2017-09-06,1.290,1.326,1.282,1.318
2017-09-07,1.302,1.310,1.250,1.266
2017-09-08,1.262,1.298,1.242,1.266
2017-09-11,1.294,1.335,1.274,1.323
2017-09-12,1.315,1.359,1.311,1.343
2017-09-13,1.339,1.371,1.323,1.351
2017-09-14,1.343,1.392,1.339,1.364
2017-09-15,1.364,1.397,1.356,1.380
2017-09-18,1.389,1.417,1.380,1.397
2017-09-19,1.389,1.418,1.377,1.405
2017-09-20,1.405,1.475,1.373,1.442
2017-09-21,1.451,1.459,1.410,1.447
2017-09-22,1.435,1.460,1.419,1.435
2017-09-25,1.452,1.456,1.407,1.427
2017-09-26,1.432,1.469,1.419,1.432
2017-09-27,1.450,1.494,1.446,1.478
2017-09-28,1.470,1.502,1.443,1.451
2017-09-29,1.455,1.487,1.447,1.483
2017-10-02,1.491,1.511,1.467,1.491
2017-10-03,1.495,1.499,1.455,1.475
2017-10-04,1.475,1.495,1.447,1.475
2017-10-05,1.483,1.503,1.471,1.491
2017-10-06,1.492,1.540,1.492,1.520
2017-10-10,1.512,1.529,1.484,1.516
2017-10-11,1.513,1.533,1.500,1.525
2017-10-12,1.517,1.533,1.497,1.517
2017-10-13,1.513,1.534,1.485,1.501
2017-10-16,1.513,1.550,1.501,1.538
2017-10-17,1.534,1.567,1.526,1.542
2017-10-18,1.547,1.583,1.543,1.571
2017-10-19,1.563,1.576,1.526,1.543
2017-10-20,1.535,1.589,1.531,1.572
2017-10-23,1.581,1.618,1.548,1.581
2017-10-24,1.573,1.593,1.556,1.581
2017-10-25,1.595,1.627,1.587,1.603
2017-10-26,1.603,1.635,1.583,1.619
2017-10-27,1.615,1.639,1.576,1.596
2017-10-30,1.596,1.608,1.568,1.576
2017-10-31,1.580,1.620,1.572,1.600
2017-11-01,1.608,1.636,1.588,1.616
2017-11-02,1.620,1.636,1.596,1.616
2017-11-03,1.617,1.637,1.592,1.613
2017-11-06,1.633,1.645,1.601,1.621
2017-11-07,1.617,1.649,1.609,1.645
2017-11-08,1.625,1.661,1.621,1.657
2017-11-09,1.645,1.670,1.633,1.641
2017-11-13,1.671,1.699,1.646,1.695
2017-11-14,1.683,1.708,1.675,1.691
2017-11-15,1.687,1.708,1.663,1.683
2017-11-16,1.688,1.729,1.684,1.712
2017-11-17,1.713,1.746,1.693,1.721
2017-11-20,1.718,1.767,1.705,1.751
2017-11-21,1.747,1.788,1.747,1.780
2017-11-22,1.768,1.788,1.718,1.731
2017-11-24,1.732,1.757,1.732,1.744
2017-11-27,1.753,1.774,1.736,1.736
2017-11-28,1.742,1.770,1.730,1.750
2017-11-29,1.762,1.782,1.746,1.762
2017-11-30,1.766,1.810,1.758,1.782
2017-12-01,1.794,1.826,1.722,1.774
2017-12-04,1.806,1.826,1.786,1.810
2017-12-05,1.814,1.847,1.806,1.831
2017-12-06,1.823,1.835,1.786,1.798
2017-12-07,1.815,1.823,1.786,1.798
2017-12-08,1.807,1.831,1.778,1.799
2017-12-11,1.807,1.831,1.778,1.823
2017-12-12,1.823,1.860,1.811,1.831
2017-12-13,1.831,1.860,1.770,1.778
2017-12-14,1.787,1.844,1.778,1.811
2017-12-15,1.824,1.865,1.807,1.840
2017-12-18,1.852,1.869,1.815,1.828
2017-12-19,1.840,1.877,1.828,1.857
2017-12-20,1.849,1.882,1.844,1.853
2017-12-21,1.861,1.902,1.836,1.898
2017-12-22,1.882,1.916,1.866,1.895
2017-12-26,1.908,1.920,1.887,1.903
2017-12-27,1.927,1.935,1.879,1.891
2017-12-28,1.899,1.927,1.883,1.907
2017-12-29,1.915,1.919,1.883,1.887
2018-01-02,1.891,1.936,1.887,1.927
2018-01-03,1.923,1.948,1.907,1.936
2018-01-04,1.948,1.988,1.936,1.952
2018-01-05,1.956,1.976,1.932,1.960
2018-01-08,1.964,1.977,1.940,1.964
2018-01-09,1.973,1.981,1.940,1.977
2018-01-10,1.973,1.997,1.952,1.977
2018-01-11,1.973,1.993,1.956,1.969
2018-01-12,1.986,2.043,1.977,2.002
2018-01-16,2.019,2.027,1.994,2.019
2018-01-17,2.015,2.056,2.015,2.044
2018-01-18,2.052,2.069,2.027,2.044
2018-01-19,2.053,2.070,2.032,2.053
2018-01-22,2.078,2.091,2.045,2.061
2018-01-23,2.066,2.078,2.024,2.024
2018-01-24,2.028,2.092,2.028,2.080
2018-01-25,2.088,2.108,2.064,2.088
2018-01-26,2.088,2.144,2.084,2.112
2018-01-29,2.116,2.168,2.116,2.124
2018-01-30,2.124,2.144,2.100,2.124
2018-01-31,2.125,2.169,2.100,2.149
2018-02-01,2.157,2.185,2.133,2.165
2018-02-02,2.178,2.198,2.125,2.145
2018-02-05,2.154,2.154,2.032,2.032
2018-02-06,2.036,2.117,1.943,2.109
2018-02-07,2.109,2.174,2.073,2.126
2018-02-08,2.122,2.150,2.097,2.105
2018-02-09,2.118,2.147,2.008,2.069
2018-02-12,2.077,2.122,2.061,2.081
2018-02-13,2.077,2.122,2.061,2.114
2018-02-14,2.106,2.184,2.090,2.168
2018-02-15,2.181,2.213,2.172,2.189
2018-02-16,2.193,2.214,2.169,2.198
2018-02-18,2.198,2.198,2.198,2.189
2018-02-20,2.215,2.252,2.198,2.223
2018-02-21,2.270,2.286,2.246,2.266
2018-02-22,2.270,2.278,2.246,2.254
2018-02-23,2.258,2.266,2.214,2.254
2018-02-26,2.246,2.250,2.206,2.226
2018-02-27,2.226,2.286,2.206,2.266
2018-02-28,2.270,2.294,2.242,2.250
2018-03-01,2.262,2.274,2.194,2.210
2018-03-02,2.222,2.258,2.197,2.246
2018-03-05,2.242,2.262,2.185,2.246
2018-03-06,2.238,2.270,2.222,2.258
2018-03-07,2.238,2.270,2.222,2.250
2018-03-08,2.262,2.274,2.230,2.242
2018-03-09,2.266,2.291,2.250,2.262
2018-03-12,2.270,2.283,2.246,2.262
2018-03-13,2.266,2.291,2.229,2.258
2018-03-14,2.254,2.287,2.242,2.266
2018-03-15,2.270,2.295,2.242,2.291
2018-03-16,2.295,2.307,2.279,2.291
2018-03-19,2.308,2.324,2.279,2.316
2018-03-20,2.312,2.357,2.303,2.349
2018-03-21,2.353,2.386,2.287,2.299
2018-03-22,2.308,2.328,2.246,2.279
2018-03-23,2.275,2.304,2.241,2.266
2018-03-26,2.275,2.304,2.254,2.279
2018-03-27,2.306,2.326,2.262,2.274
2018-03-28,2.270,2.306,2.242,2.294
2018-03-29,2.302,2.306,2.266,2.266
2018-04-02,2.278,2.298,2.234,2.242
2018-04-03,2.254,2.294,2.250,2.286
2018-04-04,2.282,2.319,2.254,2.295
2018-04-05,2.303,2.323,2.291,2.307
2018-04-06,2.287,2.315,2.254,2.270
2018-04-09,2.278,2.311,2.270,2.283
2018-04-10,2.291,2.327,2.278,2.311
2018-04-11,2.315,2.328,2.270,2.311
2018-04-12,2.307,2.356,2.295,2.352
2018-04-13,2.340,2.381,2.336,2.348
2018-04-16,2.382,2.402,2.357,2.377
2018-04-17,2.378,2.411,2.365,2.394
2018-04-18,2.407,2.444,2.390,2.432
2018-04-19,2.436,2.448,2.415,2.436
2018-04-20,2.441,2.474,2.424,2.466
2018-04-23,2.462,2.495,2.458,2.474
2018-04-24,2.479,2.504,2.445,2.471
2018-04-25,2.487,2.511,2.479,2.491
2018-04-26,2.483,2.508,2.467,2.483
2018-04-27,2.484,2.508,2.464,2.484
2018-04-30,2.484,2.508,2.472,2.492
2018-05-01,2.492,2.520,2.480,2.508
2018-05-02,2.513,2.529,2.484,2.488
2018-05-03,2.492,2.496,2.452,2.476
2018-05-04,2.481,2.517,2.460,2.505
2018-05-07,2.505,2.522,2.489,2.505
2018-05-08,2.505,2.534,2.485,2.514
2018-05-09,2.522,2.555,2.514,2.534
2018-05-10,2.534,2.547,2.502,2.526
2018-05-11,2.535,2.556,2.518,2.539
2018-05-14,2.543,2.560,2.527,2.552
2018-05-15,2.548,2.593,2.544,2.589
2018-05-16,2.581,2.614,2.564,2.589
2018-05-17,2.585,2.606,2.544,2.569
2018-05-18,2.570,2.582,2.528,2.545
2018-05-21,2.566,2.587,2.553,2.574
2018-05-22,2.566,2.595,2.545,2.570
2018-05-23,2.588,2.600,2.524,2.532
2018-05-24,2.524,2.540,2.480,2.528
2018-05-25,2.516,2.524,2.464,2.484
2018-05-27,2.484,2.484,2.484,2.516
2018-05-29,2.464,2.468,2.299,2.327
2018-05-30,2.319,2.436,2.291,2.407
2018-05-31,2.415,2.460,2.391,2.432
2018-06-01,2.435,2.500,2.427,2.480
2018-06-04,2.488,2.541,2.480,2.520
2018-06-05,2.512,2.520,2.467,2.496
2018-06-06,2.492,2.541,2.492,2.528
2018-06-07,2.516,2.541,2.435,2.488
2018-06-08,2.496,2.516,2.455,2.504
2018-06-11,2.512,2.537,2.496,2.516
2018-06-12,2.504,2.561,2.504,2.545
2018-06-13,2.549,2.611,2.529,2.565
2018-06-14,2.570,2.603,2.545,2.566
2018-06-15,2.574,2.582,2.524,2.553
2018-06-18,2.553,2.574,2.529,2.549
2018-06-19,2.541,2.558,2.491,2.549
2018-06-20,2.558,2.578,2.529,2.566
2018-06-21,2.562,2.583,2.516,2.537
2018-06-22,2.541,2.570,2.525,2.541
2018-06-25,2.550,2.558,2.500,2.537
2018-06-26,2.533,2.558,2.508,2.537
2018-06-27,2.536,2.552,2.466,2.504
2018-06-28,2.500,2.537,2.487,2.512
2018-06-29,2.516,2.541,2.499,2.528
2018-07-02,2.524,2.569,2.508,2.557
2018-07-03,2.549,2.573,2.520,2.532
2018-07-05,2.541,2.577,2.533,2.553
2018-07-06,2.549,2.565,2.520,2.537
2018-07-09,2.545,2.586,2.537,2.561
2018-07-10,2.565,2.590,2.549,2.569
2018-07-11,2.570,2.606,2.549,2.586
2018-07-12,2.582,2.611,2.578,2.607
2018-07-13,2.603,2.607,2.566,2.586
2018-07-16,2.582,2.632,2.582,2.599
2018-07-17,2.599,2.628,2.591,2.615
2018-07-18,2.616,2.628,2.591,2.607
2018-07-19,2.612,2.637,2.570,2.587
2018-07-20,2.600,2.620,2.579,2.595
2018-07-23,2.595,2.646,2.583,2.633
2018-07-24,2.637,2.662,2.612,2.633
2018-07-25,2.653,2.689,2.633,2.673
2018-07-26,2.681,2.697,2.653,2.681
2018-07-27,2.682,2.702,2.657,2.673
2018-07-30,2.674,2.698,2.649,2.665
2018-07-31,2.669,2.694,2.649,2.686
2018-08-01,2.665,2.690,2.657,2.682
2018-08-02,2.682,2.694,2.645,2.666
2018-08-03,2.674,2.686,2.629,2.653
2018-08-06,2.657,2.666,2.633,2.653
2018-08-07,2.658,2.678,2.645,2.674
2018-08-08,2.678,2.686,2.658,2.670
2018-08-09,2.674,2.682,2.641,2.649
2018-08-10,2.658,2.662,2.596,2.604
2018-08-13,2.600,2.633,2.584,2.612
2018-08-14,2.616,2.649,2.608,2.641
2018-08-15,2.637,2.645,2.583,2.612
2018-08-16,2.604,2.641,2.600,2.625
2018-08-17,2.620,2.637,2.587,2.612
2018-08-20,2.616,2.629,2.575,2.583
2018-08-21,2.595,2.625,2.583,2.600
2018-08-22,2.595,2.616,2.575,2.604
2018-08-23,2.591,2.629,2.587,2.616
2018-08-24,2.629,2.645,2.604,2.633
2018-08-27,2.662,2.662,2.662,2.662
2018-08-28,2.661,2.677,2.645,2.669
2018-08-29,2.661,2.698,2.653,2.673
2018-08-30,2.674,2.686,2.637,2.657
2018-08-31,2.661,2.661,2.621,2.633
2018-09-04,2.637,2.678,2.629,2.657
2018-09-05,2.653,2.678,2.633,2.657
2018-09-06,2.653,2.662,2.617,2.637
2018-09-07,2.637,2.719,2.633,2.699
2018-09-10,2.707,2.723,2.686,2.711
2018-09-11,2.715,2.769,2.711,2.748
2018-09-12,2.748,2.765,2.732,2.748
2018-09-13,2.752,2.785,2.732,2.761
2018-09-14,2.757,2.798,2.749,2.782
2018-09-17,2.786,2.799,2.765,2.774
2018-09-18,2.778,2.816,2.770,2.807
2018-09-19,2.812,2.824,2.791,2.803
2018-09-20,2.803,2.829,2.787,2.812
2018-09-21,2.817,2.838,2.796,2.804
2018-09-24,2.821,2.834,2.788,2.825
2018-09-25,2.827,2.855,2.823,2.843
2018-09-26,2.839,2.851,2.811,2.831
2018-09-27,2.819,2.847,2.807,2.831
2018-09-28,2.827,2.839,2.795,2.807
2018-10-01,2.835,2.847,2.803,2.823
2018-10-02,2.827,2.835,2.795,2.815
2018-10-03,2.815,2.876,2.807,2.868
2018-10-04,2.884,2.909,2.856,2.868
2018-10-05,2.877,2.906,2.869,2.885
2018-10-08,2.889,2.889,2.889,2.889
2018-10-09,2.877,2.906,2.865,2.885
2018-10-10,2.890,2.914,2.840,2.848
2018-10-11,2.836,2.881,2.824,2.861
2018-10-12,2.849,2.882,2.820,2.853
2018-10-15,2.857,2.882,2.841,2.857
2018-10-16,2.861,2.882,2.853,2.870
2018-10-17,2.878,2.899,2.853,2.887
2018-10-18,2.895,2.916,2.862,2.878
2018-10-19,2.879,2.925,2.866,2.912
2018-10-22,2.912,2.921,2.892,2.912
2018-10-23,2.904,2.917,2.850,2.883
2018-10-24,2.899,2.903,2.831,2.843
2018-10-25,2.831,2.879,2.827,2.851
2018-10-26,2.839,2.851,2.774,2.811
2018-10-29,2.819,2.851,2.798,2.823
2018-10-30,2.814,2.867,2.814,2.859
2018-10-31,2.867,2.891,2.847,2.879
2018-11-01,2.875,2.891,2.830,2.843
2018-11-02,2.855,2.924,2.846,2.920
2018-11-05,2.903,2.920,2.883,2.912
2018-11-06,2.924,2.944,2.895,2.932
2018-11-07,2.928,2.961,2.912,2.957
2018-11-08,2.957,2.994,2.936,2.977
2018-11-09,2.965,2.982,2.916,2.928
2018-11-13,2.891,2.920,2.879,2.895
2018-11-14,2.904,2.916,2.842,2.871
2018-11-15,2.870,2.883,2.825,2.862
2018-11-16,2.862,2.883,2.796,2.804
2018-11-19,2.808,2.833,2.762,2.787
2018-11-20,2.791,2.820,2.754,2.808
2018-11-21,2.808,2.845,2.799,2.812
2018-11-23,2.816,2.837,2.795,2.820
2018-11-26,2.816,2.849,2.811,2.841
2018-11-27,2.827,2.847,2.815,2.839
2018-11-28,2.831,2.855,2.790,2.815
2018-11-29,2.799,2.835,2.774,2.807
2018-11-30,2.807,2.835,2.782,2.787
2018-12-03,2.839,2.852,2.799,2.819
2018-12-04,2.831,2.852,2.782,2.803
2018-12-05,2.827,2.827,2.827,2.827
2018-12-06,2.803,2.827,2.685,2.766
2018-12-07,2.770,2.787,2.701,2.721
2018-12-10,2.696,2.742,2.688,2.729
2018-12-11,2.721,2.791,2.709,2.766
2018-12-12,2.770,2.791,2.754,2.779
2018-12-13,2.774,2.787,2.733,2.758
2018-12-14,2.762,2.774,2.712,2.741
2018-12-17,2.737,2.745,2.675,2.696
2018-12-18,2.687,2.729,2.634,2.646
2018-12-19,2.642,2.696,2.609,2.638
2018-12-20,2.654,2.687,2.642,2.675
2018-12-21,2.670,2.691,2.612,2.637
2018-12-24,2.636,2.645,2.557,2.561
2018-12-26,2.636,2.645,2.557,2.629
2018-12-27,2.613,2.617,2.532,2.572
2018-12-28,2.577,2.585,2.520,2.528
2018-12-31,2.561,2.569,2.480,2.504
2019-01-02,2.464,2.524,2.460,2.484
2019-01-03,2.480,2.512,2.367,2.387
2019-01-04,2.390,2.520,2.378,2.492
2019-01-07,2.500,2.561,2.459,2.541
2019-01-08,2.545,2.598,2.524,2.590
2019-01-09,2.594,2.606,2.541,2.561
2019-01-10,2.553,2.582,2.504,2.578
2019-01-11,2.566,2.574,2.520,2.549
2019-01-14,2.549,2.549,2.492,2.537
2019-01-15,2.533,2.557,2.508,2.533
2019-01-16,2.537,2.566,2.529,2.545
2019-01-17,2.545,2.586,2.524,2.566
2019-01-18,2.566,2.633,2.562,2.616
2019-01-20,2.616,2.616,2.616,2.566
2019-01-20,2.616,2.616,2.616,2.566
2019-01-22,2.599,2.604,2.554,2.587
2019-01-23,2.583,2.616,2.566,2.583
2019-01-24,2.579,2.600,2.554,2.575
2019-01-25,2.571,2.617,2.567,2.608
2019-01-28,2.609,2.625,2.579,2.604
2019-01-29,2.593,2.597,2.552,2.577
2019-01-30,2.573,2.601,2.496,2.516
2019-01-31,2.520,2.524,2.444,2.456
2019-02-01,2.476,2.528,2.455,2.496
2019-02-04,2.524,2.553,2.500,2.545
2019-02-05,2.532,2.557,2.508,2.536
2019-02-06,2.524,2.541,2.500,2.528
2019-02-07,2.524,2.528,2.463,2.480
2019-02-08,2.483,2.492,2.434,2.463
2019-02-11,2.471,2.504,2.463,2.496
2019-02-12,2.483,2.524,2.483,2.508
2019-02-13,2.512,2.549,2.508,2.537
2019-02-14,2.529,2.545,2.483,2.504
2019-02-15,2.500,2.533,2.483,2.520
2019-02-17,2.520,2.520,2.520,2.504
2019-02-19,2.516,2.529,2.475,2.496
2019-02-20,2.495,2.508,2.471,2.500
2019-02-21,2.495,2.549,2.495,2.529
2019-02-22,2.533,2.554,2.462,2.491
2019-02-25,2.500,2.529,2.491,2.504
2019-02-26,2.508,2.520,2.472,2.492
2019-02-27,2.488,2.516,2.472,2.508
2019-02-28,2.504,2.548,2.476,2.520
2019-03-01,2.524,2.573,2.504,2.561
2019-03-04,2.569,2.573,2.524,2.549
2019-03-05,2.545,2.573,2.524,2.545
2019-03-06,2.541,2.557,2.496,2.520
2019-03-07,2.512,2.524,2.459,2.471
2019-03-08,2.475,2.483,2.430,2.467
2019-03-11,2.463,2.492,2.451,2.475
2019-03-12,2.500,2.508,2.434,2.455
2019-03-13,2.451,2.475,2.438,2.459
2019-03-14,2.467,2.483,2.438,2.463
2019-03-15,2.459,2.475,2.425,2.438
2019-03-18,2.450,2.467,2.429,2.458
2019-03-19,2.454,2.479,2.438,2.471
2019-03-20,2.475,2.479,2.367,2.400
2019-03-21,2.404,2.425,2.375,2.417
2019-03-22,2.408,2.421,2.300,2.329
2019-03-25,2.325,2.345,2.225,2.242
2019-03-26,2.254,2.304,2.241,2.266
2019-03-27,2.258,2.266,2.158,2.206
2019-03-28,2.198,2.262,2.178,2.234
2019-03-29,2.242,2.290,2.234,2.262
2019-04-01,2.294,2.343,2.270,2.339
2019-04-02,2.331,2.335,2.282,2.306
2019-04-03,2.307,2.347,2.298,2.339
2019-04-04,2.339,2.347,2.311,2.335
2019-04-05,2.343,2.376,2.315,2.343
2019-04-08,2.344,2.368,2.315,2.364
2019-04-09,2.360,2.376,2.323,2.356
2019-04-10,2.348,2.356,2.299,2.315
2019-04-11,2.332,2.364,2.319,2.352
2019-04-12,2.356,2.410,2.348,2.398
2019-04-15,2.390,2.423,2.373,2.398
2019-04-16,2.394,2.427,2.381,2.406
2019-04-17,2.415,2.435,2.382,2.402
2019-04-18,2.403,2.411,2.366,2.390
2019-04-22,2.403,2.403,2.403,2.403
2019-04-23,2.391,2.403,2.333,2.366
2019-04-24,2.366,2.370,2.302,2.322
2019-04-25,2.322,2.346,2.306,2.342
2019-04-26,2.330,2.342,2.254,2.286
2019-04-29,2.290,2.334,2.278,2.294
2019-04-30,2.286,2.318,2.254,2.262
2019-05-01,2.270,2.331,2.202,2.315
2019-05-02,2.306,2.363,2.302,2.339
2019-05-03,2.347,2.380,2.303,2.339
2019-05-06,2.339,2.339,2.278,2.303
2019-05-07,2.303,2.323,2.270,2.291
2019-05-08,2.291,2.315,2.254,2.307
2019-05-09,2.307,2.307,2.238,2.258
2019-05-10,2.258,2.287,2.217,2.270
2019-05-13,2.250,2.250,2.164,2.184
2019-05-14,2.184,2.217,2.176,2.201
2019-05-15,2.201,2.217,2.139,2.164
2019-05-16,2.164,2.221,2.147,2.188
2019-05-17,2.188,2.221,2.159,2.200
2019-05-20,2.200,2.237,2.188,2.229
2019-05-21,2.229,2.266,2.212,2.254
2019-05-22,2.254,2.266,2.212,2.225
2019-05-23,2.225,2.233,2.113,2.154
2019-05-24,2.154,2.183,2.137,2.162
2019-05-27,2.162,2.162,2.162,2.162
2019-05-28,2.162,2.183,2.108,2.116
2019-05-29,2.116,2.129,2.053,2.117
2019-05-30,2.117,2.145,2.045,2.061
2019-05-31,2.061,2.061,1.908,1.940
2019-06-03,1.920,1.928,1.812,1.832
2019-06-04,1.832,1.928,1.831,1.879
2019-06-05,1.879,1.899,1.763,1.855
2019-06-06,1.855,1.907,1.818,1.887
2019-06-07,1.887,1.898,1.773,1.862
2019-06-10,1.862,1.926,1.861,1.926
2019-06-11,1.926,1.950,1.889,1.938
2019-06-12,1.938,1.938,1.860,1.873
2019-06-13,1.873,1.897,1.819,1.840
2019-06-14,1.840,1.879,1.786,1.843
2019-06-17,1.843,1.891,1.842,1.879
2019-06-18,1.879,1.883,1.805,1.858
2019-06-19,1.858,1.911,1.735,1.739
2019-06-20,1.739,1.800,1.690,1.784
2019-06-21,1.784,1.819,1.745,1.762
2019-06-24,1.762,1.786,1.716,1.737
2019-06-25,1.737,1.765,1.699,1.736
2019-06-26,1.736,1.788,1.709,1.764
2019-06-27,1.764,1.812,1.725,1.741
2019-06-28,1.741,1.773,1.725,1.753
2019-07-01,1.753,1.805,1.749,1.785
2019-07-02,1.785,1.789,1.745,1.757
2019-07-03,1.757,1.774,1.725,1.758
2019-07-05,1.758,1.888,1.746,1.863
2019-07-08,1.863,1.904,1.835,1.900
2019-07-09,1.900,1.925,1.868,1.917
2019-07-10,1.917,1.938,1.807,1.832
2019-07-11,1.832,1.877,1.795,1.873
2019-07-12,1.873,1.878,1.829,1.857
2019-07-15,1.857,1.870,1.821,1.833
2019-07-16,1.833,1.883,1.821,1.850
2019-07-17,1.850,1.867,1.817,1.826
2019-07-18,1.826,1.842,1.735,1.752
2019-07-19,1.752,1.843,1.752,1.827
2019-07-22,1.827,1.843,1.777,1.823
2019-07-23,1.823,1.848,1.802,1.835
2019-07-24,1.835,1.837,1.790,1.821
2019-07-25,1.821,1.877,1.802,1.865
2019-07-26,1.865,1.894,1.846,1.854
2019-07-29,1.854,1.866,1.834,1.862
2019-07-30,1.862,1.874,1.830,1.854
2019-07-31,1.854,1.962,1.802,1.870
2019-08-01,1.870,1.914,1.698,1.734
2019-08-02,1.734,1.758,1.694,1.714
2019-08-05,1.714,1.722,1.573,1.577
2019-08-06,1.577,1.629,1.529,1.597
2019-08-07,1.597,1.613,1.497,1.605
2019-08-08,1.605,1.661,1.580,1.617
2019-08-09,1.617,1.645,1.588,1.636
2019-08-12,1.636,1.636,1.568,1.588
2019-08-13,1.588,1.689,1.563,1.673
2019-08-14,1.673,1.673,1.563,1.579
2019-08-15,1.579,1.591,1.461,1.502
2019-08-16,1.502,1.537,1.468,1.489
2019-08-19,1.489,1.553,1.480,1.549
2019-08-20,1.549,1.549,1.484,1.508
2019-08-21,1.508,1.582,1.508,1.577
2019-08-22,1.577,1.626,1.544,1.622
2019-08-23,1.622,1.651,1.502,1.527
2019-08-26,1.527,1.556,1.444,1.539
2019-08-27,1.539,1.564,1.506,1.518
2019-08-28,1.518,1.536,1.484,1.504
2019-08-29,1.504,1.544,1.484,1.532
2019-08-30,1.532,1.556,1.492,1.512
2019-09-01,1.512,1.512,1.512,1.512
2019-09-03,1.512,1.536,1.436,1.460
2019-09-04,1.460,1.480,1.428,1.432
2019-09-05,1.432,1.580,1.428,1.528
2019-09-06,1.528,1.573,1.512,1.532
2019-09-09,1.548,1.601,1.528,1.597
2019-09-10,1.597,1.686,1.581,1.682
2019-09-11,1.682,1.695,1.646,1.687
2019-09-12,1.687,1.736,1.622,1.715
2019-09-13,1.715,1.814,1.715,1.798
2019-09-16,1.798,1.823,1.745,1.766
2019-09-17,1.766,1.770,1.717,1.733
2019-09-18,1.758,1.787,1.664,1.758
2019-09-19,1.758,1.779,1.717,1.742
2019-09-20,1.742,1.760,1.669,1.681
2019-09-23,1.681,1.723,1.628,1.694
2019-09-24,1.694,1.698,1.611,1.628
2019-09-25,1.628,1.687,1.599,1.683
2019-09-26,1.683,1.691,1.623,1.663
2019-09-27,1.663,1.684,1.616,1.640
2019-09-30,1.640,1.664,1.608,1.616
2019-10-01,1.616,1.684,1.528,1.548
2019-10-02,1.548,1.568,1.468,1.484
2019-10-03,1.484,1.488,1.368,1.384
2019-10-04,1.384,1.432,1.380,1.400
2019-10-07,1.400,1.476,1.379,1.460
2019-10-08,1.460,1.500,1.407,1.424
2019-10-09,1.424,1.480,1.407,1.464
2019-10-10,1.464,1.544,1.419,1.540
2019-10-11,1.540,1.634,1.524,1.593
2019-10-13,1.593,1.593,1.593,1.593
2019-10-15,1.593,1.630,1.537,1.618
2019-10-16,1.618,1.622,1.565,1.581
2019-10-17,1.581,1.647,1.565,1.594
2019-10-18,1.594,1.619,1.561,1.578
2019-10-21,1.578,1.623,1.561,1.619
2019-10-22,1.619,1.632,1.590,1.603
2019-10-23,1.603,1.603,1.547,1.575
2019-10-24,1.575,1.599,1.551,1.571
2019-10-25,1.571,1.647,1.568,1.635
2019-10-28,1.635,1.671,1.619,1.651
2019-10-29,1.651,1.667,1.619,1.647
2019-10-30,1.647,1.668,1.596,1.600
2019-10-31,1.600,1.640,1.512,1.528
2019-11-01,1.528,1.596,1.516,1.560
2019-11-04,1.560,1.604,1.552,1.580
2019-11-05,1.536,1.653,1.536,1.629
2019-11-06,1.629,1.637,1.584,1.613
2019-11-07,1.613,1.718,1.597,1.673
2019-11-08,1.673,1.702,1.642,1.670
2019-11-10,1.670,1.670,1.670,1.670
2019-11-12,1.670,1.695,1.642,1.658
2019-11-13,1.658,1.675,1.618,1.634
2019-11-14,1.634,1.646,1.577,1.598
2019-11-15,1.598,1.627,1.590,1.614
2019-11-18,1.614,1.635,1.573,1.606
2019-11-19,1.606,1.627,1.578,1.590
2019-11-20,1.590,1.607,1.553,1.578
2019-11-21,1.578,1.623,1.545,1.611
2019-11-22,1.611,1.644,1.586,1.636
2019-11-25,1.636,1.649,1.587,1.603
2019-11-26,1.603,1.611,1.560,1.587
2019-11-27,1.587,1.635,1.580,1.623
2019-11-29,1.623,1.648,1.592,1.608
2019-12-02,1.608,1.656,1.596,1.608
2019-12-03,1.608,1.632,1.508,1.544
2019-12-04,1.544,1.596,1.528,1.572
2019-12-05,1.572,1.609,1.556,1.588
2019-12-06,1.588,1.645,1.573,1.633
2019-12-09,1.633,1.645,1.593,1.621
2019-12-10,1.621,1.670,1.597,1.654
2019-12-11,1.654,1.662,1.597,1.605
2019-12-12,1.605,1.699,1.585,1.662
2019-12-13,1.662,1.692,1.590,1.610
2019-12-16,1.610,1.659,1.606,1.630
2019-12-17,1.630,1.647,1.602,1.631
2019-12-18,1.631,1.651,1.614,1.631
2019-12-19,1.631,1.660,1.598,1.623
2019-12-20,1.623,1.652,1.611,1.636
2019-12-23,1.636,1.669,1.628,1.656
2019-12-24,1.636,1.681,1.621,1.629
2019-12-26,1.629,1.649,1.609,1.633
2019-12-27,1.633,1.637,1.573,1.577
2019-12-30,1.577,1.613,1.557,1.565
2019-12-31,1.565,1.589,1.557,1.577
2020-01-02,1.577,1.601,1.533,1.573
2020-01-03,1.573,1.577,1.505,1.533
2020-01-06,1.533,1.573,1.508,1.537
2020-01-07,1.537,1.573,1.528,1.544
2020-01-08,1.544,1.593,1.448,1.581
2020-01-09,1.581,1.613,1.568,1.585
2020-01-10,1.585,1.597,1.552,1.576
2020-01-13,1.576,1.597,1.568,1.592
2020-01-14,1.592,1.601,1.564,1.568
2020-01-15,1.568,1.584,1.535,1.548
2020-01-16,1.548,1.596,1.539,1.580
2020-01-17,1.580,1.584,1.543,1.563
2020-01-20,1.563,1.563,1.563,1.563
2020-01-20,1.563,1.563,1.563,1.563
2020-01-21,1.563,1.563,1.502,1.526
2020-01-22,1.526,1.551,1.502,1.530
2020-01-23,1.530,1.543,1.477,1.518
2020-01-24,1.518,1.542,1.472,1.489
2020-01-27,1.489,1.489,1.418,1.439
2020-01-28,1.439,1.478,1.399,1.474
2020-01-29,1.474,1.474,1.415,1.423
2020-01-30,1.455,1.455,1.359,1.423
2020-01-31,1.423,1.423,1.315,1.323
2020-02-03,1.323,1.383,1.323,1.351
2020-02-04,1.351,1.431,1.347,1.415
2020-02-05,1.415,1.463,1.375,1.447
2020-02-06,1.447,1.471,1.295,1.459
2020-02-07,1.459,1.480,1.383,1.403
2020-02-10,1.403,1.423,1.367,1.403
2020-02-11,1.403,1.432,1.395,1.432
2020-02-12,1.432,1.460,1.419,1.444
2020-02-13,1.444,1.464,1.395,1.444
2020-02-14,1.444,1.452,1.403,1.424
2020-02-16,1.424,1.424,1.424,1.424
2020-02-18,1.424,1.424,1.383,1.408
2020-02-19,1.408,1.440,1.404,1.424
2020-02-20,1.424,1.440,1.371,1.391
2020-02-21,1.391,1.404,1.317,1.350
2020-02-24,1.350,1.363,1.235,1.252
2020-02-25,1.252,1.301,1.169,1.227
2020-02-26,1.227,1.227,1.133,1.173
2020-02-27,1.173,1.173,1.046,1.153
2020-02-28,1.066,1.081,0.840,0.927
2020-03-02,0.927,0.927,0.710,0.911
2020-03-03,0.911,0.915,0.618,0.697
2020-03-04,0.697,0.712,0.606,0.697
2020-03-05,0.697,0.697,0.550,0.601
2020-03-06,0.601,0.603,0.398,0.528
2020-03-09,0.528,0.528,0.243,0.397
2020-03-10,0.397,0.562,0.392,0.542
2020-03-11,0.542,0.549,0.407,0.533
2020-03-12,0.533,0.533,0.311,0.473
2020-03-13,0.473,0.550,0.419,0.506
2020-03-16,0.506,0.506,0.267,0.362
2020-03-17,0.362,0.525,0.337,0.493
2020-03-18,0.493,0.552,0.400,0.548
2020-03-19,0.548,0.551,0.339,0.483
2020-03-20,0.483,0.483,0.287,0.344
2020-03-23,0.344,0.344,0.226,0.318
2020-03-24,0.318,0.410,0.297,0.390
2020-03-25,0.363,0.391,0.309,0.336
2020-03-26,0.336,0.340,0.258,0.309
2020-03-27,0.309,0.309,0.226,0.246
2020-03-30,0.246,0.301,0.207,0.230
2020-03-31,0.230,0.261,0.191,0.246
2020-04-01,0.246,0.261,0.206,0.210
2020-04-02,0.210,0.245,0.198,0.233
2020-04-03,0.233,0.253,0.182,0.225
2020-04-06,0.225,0.320,0.225,0.268
2020-04-07,0.268,0.308,0.260,0.268
2020-04-08,0.268,0.292,0.232,0.256
2020-04-09,0.256,0.263,0.196,0.220
2020-04-13,0.220,0.267,0.207,0.243
2020-04-14,0.243,0.263,0.207,0.215
2020-04-15,0.215,0.235,0.187,0.211
2020-04-16,0.211,0.235,0.175,0.219
2020-04-17,0.219,0.246,0.186,0.202
2020-04-20,0.202,0.226,0.186,0.214
2020-04-21,0.214,0.230,0.177,0.205
2020-04-22,0.205,0.233,0.185,0.217
2020-04-23,0.217,0.241,0.201,0.233
2020-04-24,0.233,0.237,0.192,0.225
2020-04-27,0.225,0.253,0.196,0.212
2020-04-28,0.212,0.235,0.176,0.235
2020-04-29,0.235,0.235,0.180,0.203
2020-04-30,0.203,0.207,0.164,0.192
2020-05-01,0.192,0.220,0.168,0.200
2020-05-04,0.200,0.204,0.157,0.188
2020-05-05,0.188,0.208,0.157,0.176
2020-05-06,0.176,0.204,0.161,0.184
2020-05-07,0.184,0.196,0.101,0.129
2020-05-08,0.129,0.173,0.085,0.161
2020-05-11,0.161,0.201,0.133,0.181
2020-05-12,0.181,0.189,0.141,0.165
2020-05-13,0.165,0.173,0.133,0.161
2020-05-14,0.161,0.173,0.125,0.149
2020-05-15,0.149,0.165,0.129,0.149
2020-05-18,0.149,0.201,0.133,0.173
2020-05-19,0.173,0.189,0.145,0.161
2020-05-20,0.161,0.194,0.149,0.161
2020-05-21,0.161,0.186,0.137,0.157
2020-05-22,0.157,0.194,0.137,0.174
2020-05-24,0.174,0.174,0.174,0.174
2020-05-26,0.174,0.210,0.158,0.176
2020-05-27,0.176,0.195,0.148,0.184
2020-05-28,0.184,0.199,0.152,0.156
2020-05-29,0.156,0.188,0.145,0.160
2020-06-01,0.160,0.188,0.133,0.156
2020-06-02,0.156,0.188,0.149,0.164
2020-06-03,0.164,0.212,0.160,0.200
2020-06-04,0.200,0.220,0.168,0.204
2020-06-05,0.204,0.240,0.184,0.212
2020-06-08,0.212,0.244,0.196,0.228
2020-06-09,0.228,0.236,0.189,0.212
2020-06-10,0.212,0.212,0.169,0.181
2020-06-11,0.181,0.217,0.153,0.201
2020-06-12,0.201,0.225,0.169,0.205
2020-06-15,0.205,0.217,0.173,0.201
2020-06-16,0.201,0.221,0.181,0.217
2020-06-17,0.217,0.217,0.169,0.197
2020-06-18,0.197,0.209,0.177,0.197
2020-06-19,0.197,0.210,0.165,0.198
2020-06-22,0.198,0.206,0.165,0.190
2020-06-23,0.190,0.214,0.178,0.191
2020-06-24,0.191,0.207,0.176,0.187
2020-06-25,0.187,0.195,0.160,0.195
2020-06-26,0.195,0.195,0.152,0.168
2020-06-29,0.168,0.176,0.152,0.160
2020-06-30,0.160,0.164,0.133,0.149
2020-07-01,0.149,0.184,0.133,0.172
2020-07-02,0.172,0.180,0.133,0.156
2020-07-06,0.156,0.180,0.133,0.161
2020-07-07,0.161,0.180,0.141,0.161
2020-07-08,0.161,0.181,0.149,0.177
2020-07-09,0.177,0.177,0.141,0.165
2020-07-10,0.165,0.181,0.129,0.165
2020-07-13,0.165,0.177,0.125,0.129
2020-07-14,0.129,0.173,0.129,0.169
2020-07-15,0.169,0.173,0.137,0.165
2020-07-16,0.165,0.169,0.125,0.145
2020-07-17,0.145,0.173,0.125,0.145
2020-07-20,0.145,0.173,0.125,0.169
2020-07-21,0.169,0.169,0.109,0.161
2020-07-22,0.161,0.165,0.125,0.161
2020-07-23,0.161,0.161,0.125,0.141
2020-07-24,0.141,0.162,0.129,0.145
2020-07-27,0.145,0.162,0.137,0.158
2020-07-28,0.158,0.160,0.129,0.137
2020-07-29,0.137,0.148,0.125,0.137
2020-07-30,0.137,0.141,0.117,0.121
2020-07-31,0.121,0.129,0.101,0.113
2020-08-03,0.113,0.121,0.094,0.109
2020-08-04,0.109,0.125,0.086,0.097
2020-08-05,0.097,0.129,0.097,0.117
2020-08-06,0.117,0.133,0.090,0.121
2020-08-07,0.121,0.149,0.105,0.137
2020-08-10,0.137,0.141,0.109,0.133
2020-08-11,0.133,0.169,0.129,0.153
2020-08-12,0.153,0.193,0.137,0.185
2020-08-13,0.185,0.201,0.149,0.189
2020-08-14,0.189,0.189,0.129,0.149
2020-08-17,0.157,0.201,0.121,0.177
2020-08-18,0.177,0.177,0.125,0.145
2020-08-19,0.145,0.161,0.129,0.145
2020-08-20,0.145,0.153,0.113,0.145
2020-08-21,0.145,0.186,0.129,0.170
2020-08-24,0.170,0.170,0.125,0.153
2020-08-25,0.153,0.178,0.137,0.152
2020-08-26,0.152,0.172,0.121,0.152
2020-08-27,0.152,0.172,0.106,0.152
2020-08-28,0.152,0.180,0.109,0.156
2020-08-31,0.156,0.156,0.105,0.121
2020-09-01,0.121,0.153,0.105,0.125
2020-09-02,0.125,0.156,0.117,0.141
2020-09-03,0.141,0.149,0.109,0.133
2020-09-04,0.133,0.161,0.121,0.149
2020-09-06,0.149,0.149,0.149,0.149
2020-09-08,0.149,0.153,0.125,0.145
2020-09-09,0.145,0.161,0.117,0.129
2020-09-10,0.129,0.161,0.129,0.141
2020-09-11,0.141,0.153,0.121,0.129
2020-09-14,0.129,0.149,0.117,0.149
2020-09-15,0.149,0.153,0.125,0.141
2020-09-16,0.141,0.161,0.121,0.145
2020-09-17,0.145,0.149,0.109,0.137
2020-09-18,0.137,0.149,0.117,0.141
2020-09-21,0.141,0.149,0.109,0.141
2020-09-22,0.141,0.161,0.117,0.137
2020-09-23,0.137,0.148,0.125,0.144
2020-09-24,0.144,0.164,0.133,0.160
2020-09-25,0.160,0.160,0.113,0.137
2020-09-28,0.137,0.145,0.109,0.125
2020-09-29,0.125,0.145,0.109,0.141
2020-09-30,0.141,0.156,0.098,0.152
2020-10-01,0.152,0.152,0.117,0.133
2020-10-02,0.133,0.149,0.117,0.129
2020-10-05,0.129,0.157,0.125,0.145
2020-10-06,0.145,0.172,0.121,0.153
2020-10-07,0.153,0.184,0.145,0.157
2020-10-08,0.157,0.188,0.113,0.153
2020-10-09,0.153,0.173,0.137,0.157
2020-10-11,0.157,0.157,0.157,0.157
2020-10-13,0.157,0.169,0.121,0.145
2020-10-14,0.145,0.157,0.125,0.141
2020-10-15,0.141,0.149,0.125,0.145
2020-10-16,0.145,0.165,0.125,0.145
2020-10-19,0.145,0.165,0.141,0.161
2020-10-20,0.161,0.169,0.133,0.149
2020-10-21,0.149,0.161,0.137,0.153
2020-10-22,0.153,0.178,0.137,0.178
2020-10-23,0.178,0.190,0.137,0.170
2020-10-26,0.170,0.186,0.141,0.154
2020-10-27,0.154,0.166,0.137,0.149
2020-10-28,0.149,0.160,0.133,0.152
2020-10-29,0.152,0.176,0.137,0.152
2020-10-30,0.152,0.180,0.137,0.176
2020-11-02,0.176,0.176,0.149,0.168
2020-11-03,0.168,0.180,0.157,0.168
2020-11-04,0.168,0.184,0.094,0.149
2020-11-05,0.149,0.172,0.137,0.157
2020-11-06,0.157,0.177,0.141,0.165
2020-11-09,0.165,0.197,0.145,0.157
2020-11-10,0.177,0.205,0.169,0.189
2020-11-12,0.189,0.193,0.161,0.177
2020-11-13,0.177,0.193,0.165,0.181
2020-11-16,0.181,0.201,0.165,0.189
2020-11-17,0.189,0.189,0.153,0.181
2020-11-18,0.181,0.185,0.157,0.177
2020-11-19,0.177,0.185,0.149,0.161
2020-11-20,0.161,0.182,0.145,0.157
2020-11-23,0.157,0.178,0.149,0.164
2020-11-24,0.164,0.176,0.148,0.160
2020-11-25,0.160,0.176,0.145,0.168
2020-11-27,0.168,0.168,0.141,0.156
2020-11-30,0.156,0.164,0.137,0.145
2020-12-01,0.145,0.196,0.141,0.176
2020-12-02,0.176,0.180,0.141,0.172
2020-12-03,0.172,0.172,0.137,0.153
2020-12-04,0.153,0.169,0.137,0.149
2020-12-07,0.149,0.161,0.129,0.149
2020-12-08,0.149,0.165,0.121,0.157
2020-12-09,0.157,0.169,0.137,0.149
2020-12-10,0.149,0.161,0.125,0.137
2020-12-11,0.137,0.149,0.113,0.125
2020-12-14,0.125,0.137,0.101,0.121
2020-12-15,0.121,0.129,0.105,0.121
2020-12-16,0.121,0.141,0.105,0.125
2020-12-17,0.125,0.149,0.105,0.125
2020-12-18,0.125,0.153,0.101,0.113
2020-12-21,0.113,0.133,0.061,0.125
2020-12-22,0.125,0.133,0.109,0.121
2020-12-23,0.121,0.137,0.109,0.133
2020-12-24,0.133,0.133,0.109,0.121
2020-12-28,0.121,0.145,0.117,0.129
2020-12-29,0.129,0.148,0.113,0.133
2020-12-30,0.133,0.149,0.109,0.125
2020-12-31,0.125,0.137,0.109,0.121
